0,"[[[  2.49360694e+243   5.90000000e+001   5.90000000e+001 ...,
     6.30000000e+001   6.90000000e+001   7.00000000e+001]
  [  5.75436586e-268   6.50000000e+001   6.50000000e+001 ...,
     5.30000000e+001   6.90000000e+001   7.90000000e+001]
  [  2.09429848e-236   6.40000000e+001   6.40000000e+001 ...,
     5.80000000e+001   7.50000000e+001   7.40000000e+001]
  ..., 
  [  4.06869067e+233   6.60000000e+001   6.60000000e+001 ...,
     5.70000000e+001   6.60000000e+001   7.80000000e+001]
  [  2.19981744e-152   6.10000000e+001   6.10000000e+001 ...,
     5.80000000e+001   7.40000000e+001   7.30000000e+001]
  [  8.73980692e+183   6.70000000e+001   6.70000000e+001 ...,
     5.60000000e+001   8.00000000e+001   6.80000000e+001]]

 [[  1.27967303e-152   7.40000000e+001   7.40000000e+001 ...,
     6.70000000e+001   5.90000000e+001   5.30000000e+001]
  [  1.36456350e+161   6.00000000e+001   6.00000000e+001 ...,
     7.40000000e+001   4.90000000e+001   5.30000000e+001]
  [  1.11489513e+277   5.20000000e+001   5.20000000e+001 ...,
     5.80000000e+001   5.20000000e+001   5.90000000e+001]
  ..., 
  [  4.44387685e+252   5.40000000e+001   5.40000000e+001 ...,
     5.60000000e+001   7.00000000e+001   5.80000000e+001]
  [  6.11257599e+228   6.90000000e+001   6.90000000e+001 ...,
     5.50000000e+001   6.30000000e+001   5.30000000e+001]
  [  1.87673453e-152   6.80000000e+001   6.80000000e+001 ...,
     6.90000000e+001   5.00000000e+001   5.30000000e+001]]

 [[  3.80985995e+180   4.50000000e+001   4.50000000e+001 ...,
     2.60000000e+001   6.30000000e+001   3.00000000e+001]
  [  6.01347002e-154   6.40000000e+001   6.40000000e+001 ...,
     5.10000000e+001   4.00000000e+001   2.30000000e+001]
  [  6.03423566e-154   3.80000000e+001   3.80000000e+001 ...,
     6.10000000e+001   2.10000000e+001   2.60000000e+001]
  ..., 
  [  5.22168782e+257   5.80000000e+001   5.80000000e+001 ...,
     2.50000000e+001   5.50000000e+001   2.40000000e+001]
  [  1.15747931e-313   5.70000000e+001   5.70000000e+001 ...,
     5.40000000e+001   2.60000000e+001   2.30000000e+001]
  [  4.07770658e-308   2.90000000e+001   2.90000000e+001 ...,
     5.90000000e+001   2.20000000e+001   3.50000000e+001]]

 ..., 
 [[  0.00000000e+000   7.30000000e+001   7.30000000e+001 ...,
     7.30000000e+001   7.30000000e+001   7.30000000e+001]
  [  0.00000000e+000   7.50000000e+001   7.50000000e+001 ...,
     7.50000000e+001   7.50000000e+001   7.50000000e+001]
  [  0.00000000e+000   9.30000000e+001   9.30000000e+001 ...,
     9.30000000e+001   9.30000000e+001   9.30000000e+001]
  ..., 
  [  0.00000000e+000   1.42000000e+002   1.42000000e+002 ...,
     1.42000000e+002   1.42000000e+002   1.42000000e+002]
  [  0.00000000e+000   8.80000000e+001   8.80000000e+001 ...,
     8.80000000e+001   8.80000000e+001   8.80000000e+001]
  [  0.00000000e+000   6.00000000e+001   6.00000000e+001 ...,
     6.00000000e+001   6.00000000e+001   6.00000000e+001]]

 [[  0.00000000e+000   4.30000000e+001   4.30000000e+001 ...,
     4.30000000e+001   4.30000000e+001   4.30000000e+001]
  [  0.00000000e+000   5.90000000e+001   5.90000000e+001 ...,
     5.90000000e+001   5.90000000e+001   5.90000000e+001]
  [  0.00000000e+000   1.07000000e+002   1.07000000e+002 ...,
     1.07000000e+002   1.07000000e+002   1.07000000e+002]
  ..., 
  [  0.00000000e+000   1.19000000e+002   1.19000000e+002 ...,
     1.19000000e+002   1.19000000e+002   1.19000000e+002]
  [  0.00000000e+000   7.40000000e+001   7.40000000e+001 ...,
     7.40000000e+001   7.40000000e+001   7.40000000e+001]
  [  0.00000000e+000   5.70000000e+001   5.70000000e+001 ...,
     5.70000000e+001   5.70000000e+001   5.70000000e+001]]

 [[  0.00000000e+000   1.70000000e+001   1.70000000e+001 ...,
     1.70000000e+001   1.70000000e+001   1.70000000e+001]
  [  0.00000000e+000   3.20000000e+001   3.20000000e+001 ...,
     3.20000000e+001   3.20000000e+001   3.20000000e+001]
  [  0.00000000e+000   3.80000000e+001   3.80000000e+001 ...,
     3.80000000e+001   3.80000000e+001   3.80000000e+001]
  ..., 
  [  0.00000000e+000   3.50000000e+001   3.50000000e+001 ...,
     3.50000000e+001   3.50000000e+001   3.50000000e+001]
  [  0.00000000e+000   5.00000000e+001   5.00000000e+001 ...,
     5.00000000e+001   5.00000000e+001   5.00000000e+001]
  [  0.00000000e+000   4.50000000e+001   4.50000000e+001 ...,
     4.50000000e+001   4.50000000e+001   4.50000000e+001]]]","[[  0.   0.]
 [  1.  16.]]","[[ 0.  0.  0.]
 [ 0.  0.  0.]
 [ 0.  0.  0.]
 [ 0.  0.  0.]
 [ 0.  0.  0.]
 [ 0.  0.  0.]
 [ 0.  1.  0.]
 [ 0.  1.  0.]
 [ 0.  0.  0.]
 [ 0.  0.  0.]
 [ 0.  0.  0.]
 [ 0.  0.  0.]
 [ 0.  1.  0.]
 [ 0.  0.  0.]
 [ 0.  0.  0.]
 [ 0.  0.  0.]
 [ 0.  0.  1.]]","[[ 1.  0.  0.  0.]
 [ 1.  0.  0.  0.]
 [ 1.  0.  0.  0.]
 [ 1.  0.  0.  0.]
 [ 1.  0.  0.  0.]
 [ 1.  0.  0.  0.]
 [ 0.  0.  1.  0.]
 [ 0.  0.  1.  0.]
 [ 1.  0.  0.  0.]
 [ 1.  0.  0.  0.]
 [ 1.  0.  0.  0.]
 [ 1.  0.  0.  0.]
 [ 0.  0.  1.  0.]
 [ 1.  0.  0.  0.]
 [ 1.  0.  0.  0.]
 [ 1.  0.  0.  0.]
 [ 0.  1.  0.  0.]]",[  0.  35.]
0,"[[[  4.04738577e-320   5.90000000e+001   5.90000000e+001 ...,
     4.40000000e+001   8.20000000e+001   6.60000000e+001]
  [  3.00391913e-321   6.50000000e+001   6.50000000e+001 ...,
     4.30000000e+001   6.70000000e+001   6.90000000e+001]
  [  0.00000000e+000   6.40000000e+001   6.40000000e+001 ...,
     6.00000000e+001   6.50000000e+001   7.20000000e+001]
  ..., 
  [  3.95252517e-323   6.60000000e+001   6.60000000e+001 ...,
     4.40000000e+001   6.90000000e+001   6.60000000e+001]
  [  3.17477373e-120   6.10000000e+001   6.10000000e+001 ...,
     4.20000000e+001   6.90000000e+001   7.10000000e+001]
  [  1.26641831e-316   6.70000000e+001   6.70000000e+001 ...,
     5.90000000e+001   6.60000000e+001   7.90000000e+001]]

 [[  7.20354678e+159   7.40000000e+001   7.40000000e+001 ...,
     6.60000000e+001   4.50000000e+001   5.80000000e+001]
  [  1.14448785e+243   6.00000000e+001   6.00000000e+001 ...,
     6.40000000e+001   6.90000000e+001   4.40000000e+001]
  [  6.01346954e-154   5.20000000e+001   5.20000000e+001 ...,
     6.60000000e+001   6.50000000e+001   4.80000000e+001]
  ..., 
  [  6.01347002e-154   5.40000000e+001   5.40000000e+001 ...,
     6.50000000e+001   4.60000000e+001   6.60000000e+001]
  [  9.51303555e+077   6.90000000e+001   6.90000000e+001 ...,
     7.70000000e+001   4.60000000e+001   6.70000000e+001]
  [  1.43397144e+166   6.80000000e+001   6.80000000e+001 ...,
     7.00000000e+001   6.40000000e+001   4.60000000e+001]]

 [[  1.68815255e+195   4.50000000e+001   4.50000000e+001 ...,
     6.40000000e+001   2.20000000e+001   6.00000000e+001]
  [  8.91641178e+252   6.40000000e+001   6.40000000e+001 ...,
     3.90000000e+001   3.00000000e+001   4.90000000e+001]
  [  8.44747289e+252   3.80000000e+001   3.80000000e+001 ...,
     2.80000000e+001   6.00000000e+001   2.20000000e+001]
  ..., 
  [  2.57055185e+207   5.80000000e+001   5.80000000e+001 ...,
     6.50000000e+001   2.40000000e+001   5.80000000e+001]
  [  7.62696874e-309   5.70000000e+001   5.70000000e+001 ...,
     4.80000000e+001   5.20000000e+001   2.90000000e+001]
  [ -3.13341244e-294   2.90000000e+001   2.90000000e+001 ...,
     2.80000000e+001   6.00000000e+001   2.20000000e+001]]

 ..., 
 [[  0.00000000e+000   7.30000000e+001   7.30000000e+001 ...,
     7.30000000e+001   7.30000000e+001   7.30000000e+001]
  [  0.00000000e+000   7.50000000e+001   7.50000000e+001 ...,
     7.50000000e+001   7.50000000e+001   7.50000000e+001]
  [  0.00000000e+000   9.30000000e+001   9.30000000e+001 ...,
     9.30000000e+001   9.30000000e+001   9.30000000e+001]
  ..., 
  [  0.00000000e+000   1.42000000e+002   1.42000000e+002 ...,
     1.42000000e+002   1.42000000e+002   1.42000000e+002]
  [  0.00000000e+000   8.80000000e+001   8.80000000e+001 ...,
     8.80000000e+001   8.80000000e+001   8.80000000e+001]
  [  0.00000000e+000   6.00000000e+001   6.00000000e+001 ...,
     6.00000000e+001   6.00000000e+001   6.00000000e+001]]

 [[  0.00000000e+000   4.30000000e+001   4.30000000e+001 ...,
     4.30000000e+001   4.30000000e+001   4.30000000e+001]
  [  0.00000000e+000   5.90000000e+001   5.90000000e+001 ...,
     5.90000000e+001   5.90000000e+001   5.90000000e+001]
  [  0.00000000e+000   1.07000000e+002   1.07000000e+002 ...,
     1.07000000e+002   1.07000000e+002   1.07000000e+002]
  ..., 
  [  0.00000000e+000   1.19000000e+002   1.19000000e+002 ...,
     1.19000000e+002   1.19000000e+002   1.19000000e+002]
  [  0.00000000e+000   7.40000000e+001   7.40000000e+001 ...,
     7.40000000e+001   7.40000000e+001   7.40000000e+001]
  [  0.00000000e+000   5.70000000e+001   5.70000000e+001 ...,
     5.70000000e+001   5.70000000e+001   5.70000000e+001]]

 [[  0.00000000e+000   1.70000000e+001   1.70000000e+001 ...,
     1.70000000e+001   1.70000000e+001   1.70000000e+001]
  [  0.00000000e+000   3.20000000e+001   3.20000000e+001 ...,
     3.20000000e+001   3.20000000e+001   3.20000000e+001]
  [  0.00000000e+000   3.80000000e+001   3.80000000e+001 ...,
     3.80000000e+001   3.80000000e+001   3.80000000e+001]
  ..., 
  [  0.00000000e+000   3.50000000e+001   3.50000000e+001 ...,
     3.50000000e+001   3.50000000e+001   3.50000000e+001]
  [  0.00000000e+000   5.00000000e+001   5.00000000e+001 ...,
     5.00000000e+001   5.00000000e+001   5.00000000e+001]
  [  0.00000000e+000   4.50000000e+001   4.50000000e+001 ...,
     4.50000000e+001   4.50000000e+001   4.50000000e+001]]]","[[   0.    0.]
 [   1.   20.]
 [  21.   32.]
 [  33.   48.]
 [  49.   54.]
 [  55.   66.]
 [  67.   72.]
 [  73.   79.]
 [  80.   91.]
 [  92.   98.]
 [  99.  109.]]","[[ 0.  0.  0.]
 [ 0.  0.  0.]
 [ 0.  0.  0.]
 [ 0.  0.  0.]
 [ 0.  0.  0.]
 [ 0.  0.  0.]
 [ 0.  0.  0.]
 [ 1.  0.  0.]
 [ 1.  0.  0.]
 [ 0.  0.  0.]
 [ 1.  0.  0.]
 [ 1.  0.  0.]
 [ 1.  0.  0.]
 [ 1.  0.  0.]
 [ 0.  0.  0.]
 [ 0.  0.  0.]
 [ 0.  0.  0.]
 [ 0.  0.  0.]
 [ 0.  0.  0.]
 [ 0.  0.  1.]
 [ 0.  0.  0.]
 [ 0.  0.  0.]
 [ 0.  0.  0.]
 [ 0.  0.  0.]
 [ 0.  0.  0.]
 [ 0.  1.  0.]
 [ 0.  1.  0.]
 [ 0.  1.  0.]
 [ 0.  1.  0.]
 [ 0.  1.  0.]
 [ 0.  0.  0.]
 [ 0.  0.  0.]
 [ 0.  0.  1.]
 [ 0.  0.  0.]
 [ 0.  0.  0.]
 [ 0.  0.  0.]
 [ 0.  0.  0.]
 [ 1.  0.  0.]
 [ 1.  0.  0.]
 [ 1.  0.  0.]
 [ 0.  0.  0.]
 [ 0.  0.  0.]
 [ 0.  0.  0.]
 [ 0.  0.  0.]
 [ 0.  0.  0.]
 [ 1.  0.  0.]
 [ 0.  0.  0.]
 [ 0.  0.  0.]
 [ 0.  0.  1.]
 [ 0.  0.  0.]
 [ 0.  0.  0.]
 [ 0.  0.  0.]
 [ 0.  0.  0.]
 [ 0.  0.  1.]
 [ 0.  0.  0.]
 [ 0.  0.  0.]
 [ 0.  0.  0.]
 [ 0.  0.  0.]
 [ 0.  0.  0.]
 [ 1.  0.  0.]
 [ 1.  0.  0.]
 [ 1.  0.  0.]
 [ 1.  0.  0.]
 [ 0.  0.  0.]
 [ 0.  0.  0.]
 [ 0.  0.  1.]
 [ 0.  0.  0.]
 [ 0.  0.  0.]
 [ 0.  0.  0.]
 [ 0.  0.  0.]
 [ 0.  0.  0.]
 [ 0.  0.  0.]
 [ 0.  0.  1.]
 [ 0.  0.  0.]
 [ 0.  0.  0.]
 [ 0.  0.  0.]
 [ 1.  0.  0.]
 [ 1.  0.  0.]
 [ 0.  0.  0.]
 [ 0.  0.  1.]
 [ 0.  0.  0.]
 [ 0.  0.  0.]
 [ 0.  0.  0.]
 [ 0.  0.  0.]
 [ 0.  1.  0.]
 [ 0.  1.  0.]
 [ 0.  1.  0.]
 [ 0.  1.  0.]
 [ 0.  1.  0.]
 [ 0.  1.  0.]
 [ 0.  0.  0.]
 [ 0.  0.  1.]
 [ 0.  0.  0.]
 [ 0.  0.  0.]
 [ 0.  0.  0.]
 [ 1.  0.  0.]
 [ 1.  0.  0.]
 [ 0.  0.  0.]
 [ 0.  0.  1.]
 [ 0.  0.  0.]
 [ 0.  0.  0.]
 [ 0.  0.  0.]
 [ 0.  0.  0.]
 [ 0.  1.  0.]
 [ 0.  1.  0.]
 [ 0.  1.  0.]
 [ 0.  0.  0.]
 [ 0.  0.  0.]
 [ 0.  0.  0.]
 [ 0.  0.  1.]]","[[ 1.  0.  0.  0.]
 [ 1.  0.  0.  0.]
 [ 1.  0.  0.  0.]
 [ 1.  0.  0.  0.]
 [ 1.  0.  0.  0.]
 [ 1.  0.  0.  0.]
 [ 1.  0.  0.  0.]
 [ 0.  0.  0.  1.]
 [ 0.  0.  0.  1.]
 [ 1.  0.  0.  0.]
 [ 0.  0.  0.  1.]
 [ 0.  0.  0.  1.]
 [ 0.  0.  0.  1.]
 [ 0.  0.  0.  1.]
 [ 1.  0.  0.  0.]
 [ 1.  0.  0.  0.]
 [ 1.  0.  0.  0.]
 [ 1.  0.  0.  0.]
 [ 1.  0.  0.  0.]
 [ 0.  1.  0.  0.]
 [ 1.  0.  0.  0.]
 [ 1.  0.  0.  0.]
 [ 1.  0.  0.  0.]
 [ 1.  0.  0.  0.]
 [ 1.  0.  0.  0.]
 [ 0.  0.  1.  0.]
 [ 0.  0.  1.  0.]
 [ 0.  0.  1.  0.]
 [ 0.  0.  1.  0.]
 [ 0.  0.  1.  0.]
 [ 1.  0.  0.  0.]
 [ 1.  0.  0.  0.]
 [ 0.  1.  0.  0.]
 [ 1.  0.  0.  0.]
 [ 1.  0.  0.  0.]
 [ 1.  0.  0.  0.]
 [ 1.  0.  0.  0.]
 [ 0.  0.  0.  1.]
 [ 0.  0.  0.  1.]
 [ 0.  0.  0.  1.]
 [ 1.  0.  0.  0.]
 [ 1.  0.  0.  0.]
 [ 1.  0.  0.  0.]
 [ 1.  0.  0.  0.]
 [ 1.  0.  0.  0.]
 [ 0.  0.  0.  1.]
 [ 1.  0.  0.  0.]
 [ 1.  0.  0.  0.]
 [ 0.  1.  0.  0.]
 [ 1.  0.  0.  0.]
 [ 1.  0.  0.  0.]
 [ 1.  0.  0.  0.]
 [ 1.  0.  0.  0.]
 [ 0.  1.  0.  0.]
 [ 1.  0.  0.  0.]
 [ 1.  0.  0.  0.]
 [ 1.  0.  0.  0.]
 [ 1.  0.  0.  0.]
 [ 1.  0.  0.  0.]
 [ 0.  0.  0.  1.]
 [ 0.  0.  0.  1.]
 [ 0.  0.  0.  1.]
 [ 0.  0.  0.  1.]
 [ 1.  0.  0.  0.]
 [ 1.  0.  0.  0.]
 [ 0.  1.  0.  0.]
 [ 1.  0.  0.  0.]
 [ 1.  0.  0.  0.]
 [ 1.  0.  0.  0.]
 [ 1.  0.  0.  0.]
 [ 1.  0.  0.  0.]
 [ 1.  0.  0.  0.]
 [ 0.  1.  0.  0.]
 [ 1.  0.  0.  0.]
 [ 1.  0.  0.  0.]
 [ 1.  0.  0.  0.]
 [ 0.  0.  0.  1.]
 [ 0.  0.  0.  1.]
 [ 1.  0.  0.  0.]
 [ 0.  1.  0.  0.]
 [ 1.  0.  0.  0.]
 [ 1.  0.  0.  0.]
 [ 1.  0.  0.  0.]
 [ 1.  0.  0.  0.]
 [ 0.  0.  1.  0.]
 [ 0.  0.  1.  0.]
 [ 0.  0.  1.  0.]
 [ 0.  0.  1.  0.]
 [ 0.  0.  1.  0.]
 [ 0.  0.  1.  0.]
 [ 1.  0.  0.  0.]
 [ 0.  1.  0.  0.]
 [ 1.  0.  0.  0.]
 [ 1.  0.  0.  0.]
 [ 1.  0.  0.  0.]
 [ 0.  0.  0.  1.]
 [ 0.  0.  0.  1.]
 [ 1.  0.  0.  0.]
 [ 0.  1.  0.  0.]
 [ 1.  0.  0.  0.]
 [ 1.  0.  0.  0.]
 [ 1.  0.  0.  0.]
 [ 1.  0.  0.  0.]
 [ 0.  0.  1.  0.]
 [ 0.  0.  1.  0.]
 [ 0.  0.  1.  0.]
 [ 1.  0.  0.  0.]
 [ 1.  0.  0.  0.]
 [ 1.  0.  0.  0.]
 [ 0.  1.  0.  0.]]",[  0.  21.  50.  36.  77.  53.  74.  72.  51.  71.  55.]
0,"[[[  6.92993252e-310   5.90000000e+001   5.90000000e+001 ...,
     8.10000000e+001   2.50000000e+001   6.50000000e+001]
  [  6.92993252e-310   6.50000000e+001   6.50000000e+001 ...,
     6.70000000e+001   2.50000000e+001   4.30000000e+001]
  [  1.86474999e-316   6.40000000e+001   6.40000000e+001 ...,
     6.00000000e+001   3.10000000e+001   4.30000000e+001]
  ..., 
  [  3.95252517e-323   6.60000000e+001   6.60000000e+001 ...,
     7.20000000e+001   5.20000000e+001   6.30000000e+001]
  [  3.81959242e-313   6.10000000e+001   6.10000000e+001 ...,
     6.40000000e+001   2.70000000e+001   4.40000000e+001]
  [  1.86475236e-316   6.70000000e+001   6.70000000e+001 ...,
     6.50000000e+001   2.50000000e+001   4.50000000e+001]]

 [[  4.66839074e-313   7.40000000e+001   7.40000000e+001 ...,
     5.20000000e+001   5.40000000e+001   6.70000000e+001]
  [  7.90505033e-323   6.00000000e+001   6.00000000e+001 ...,
     6.20000000e+001   5.10000000e+001   7.50000000e+001]
  [  7.68504093e-317   5.20000000e+001   5.20000000e+001 ...,
     7.50000000e+001   5.30000000e+001   6.80000000e+001]
  ..., 
  [  1.90979621e-313   5.40000000e+001   5.40000000e+001 ...,
     5.30000000e+001   5.50000000e+001   6.40000000e+001]
  [  8.89318163e-323   6.90000000e+001   6.90000000e+001 ...,
     5.40000000e+001   5.50000000e+001   6.40000000e+001]
  [  1.86481046e-316   6.80000000e+001   6.80000000e+001 ...,
     5.60000000e+001   5.30000000e+001   6.40000000e+001]]

 [[  6.92993010e-310   4.50000000e+001   4.50000000e+001 ...,
     2.40000000e+001   7.20000000e+001   2.80000000e+001]
  [  6.92980165e-310   6.40000000e+001   6.40000000e+001 ...,
     2.60000000e+001   7.40000000e+001   4.40000000e+001]
  [  0.00000000e+000   3.80000000e+001   3.80000000e+001 ...,
     5.30000000e+001   6.00000000e+001   6.60000000e+001]
  ..., 
  [  4.94065646e-324   5.80000000e+001   5.80000000e+001 ...,
     2.20000000e+001   6.20000000e+001   2.70000000e+001]
  [  1.86485276e-316   5.70000000e+001   5.70000000e+001 ...,
     3.50000000e+001   6.30000000e+001   3.80000000e+001]
  [  0.00000000e+000   2.90000000e+001   2.90000000e+001 ...,
     6.10000000e+001   7.50000000e+001   5.90000000e+001]]

 ..., 
 [[  6.92988016e-310   7.30000000e+001   7.30000000e+001 ...,
     7.30000000e+001   7.30000000e+001   7.30000000e+001]
  [  6.92993319e-310   7.50000000e+001   7.50000000e+001 ...,
     7.50000000e+001   7.50000000e+001   7.50000000e+001]
  [  0.00000000e+000   9.30000000e+001   9.30000000e+001 ...,
     9.30000000e+001   9.30000000e+001   9.30000000e+001]
  ..., 
  [  1.20953760e-312   1.42000000e+002   1.42000000e+002 ...,
     1.42000000e+002   1.42000000e+002   1.42000000e+002]
  [  1.14587773e-312   8.80000000e+001   8.80000000e+001 ...,
     8.80000000e+001   8.80000000e+001   8.80000000e+001]
  [  2.14321575e-312   6.00000000e+001   6.00000000e+001 ...,
     6.00000000e+001   6.00000000e+001   6.00000000e+001]]

 [[  1.06099790e-312   4.30000000e+001   4.30000000e+001 ...,
     4.30000000e+001   4.30000000e+001   4.30000000e+001]
  [  1.08221785e-312   5.90000000e+001   5.90000000e+001 ...,
     5.90000000e+001   5.90000000e+001   5.90000000e+001]
  [  6.79038653e-313   1.07000000e+002   1.07000000e+002 ...,
     1.07000000e+002   1.07000000e+002   1.07000000e+002]
  ..., 
  [  1.01855798e-312   1.19000000e+002   1.19000000e+002 ...,
     1.19000000e+002   1.19000000e+002   1.19000000e+002]
  [  2.14321575e-312   7.40000000e+001   7.40000000e+001 ...,
     7.40000000e+001   7.40000000e+001   7.40000000e+001]
  [  1.01855798e-312   5.70000000e+001   5.70000000e+001 ...,
     5.70000000e+001   5.70000000e+001   5.70000000e+001]]

 [[  1.03977794e-312   1.70000000e+001   1.70000000e+001 ...,
     1.70000000e+001   1.70000000e+001   1.70000000e+001]
  [  9.76118064e-313   3.20000000e+001   3.20000000e+001 ...,
     3.20000000e+001   3.20000000e+001   3.20000000e+001]
  [  9.76118064e-313   3.80000000e+001   3.80000000e+001 ...,
     3.80000000e+001   3.80000000e+001   3.80000000e+001]
  ..., 
  [  9.76118064e-313   3.50000000e+001   3.50000000e+001 ...,
     3.50000000e+001   3.50000000e+001   3.50000000e+001]
  [  6.92993319e-310   5.00000000e+001   5.00000000e+001 ...,
     5.00000000e+001   5.00000000e+001   5.00000000e+001]
  [  6.92986647e-310   4.50000000e+001   4.50000000e+001 ...,
     4.50000000e+001   4.50000000e+001   4.50000000e+001]]]","[[  0.   0.]
 [  1.  17.]
 [ 18.  26.]
 [ 27.  32.]
 [ 33.  36.]
 [ 37.  51.]
 [ 52.  60.]
 [ 61.  68.]
 [ 69.  78.]
 [ 79.  86.]
 [ 87.  95.]]","[[ 0.  0.  0.]
 [ 0.  0.  0.]
 [ 0.  0.  0.]
 [ 0.  0.  0.]
 [ 0.  0.  0.]
 [ 0.  0.  0.]
 [ 0.  0.  0.]
 [ 0.  0.  0.]
 [ 0.  0.  0.]
 [ 0.  0.  0.]
 [ 0.  1.  0.]
 [ 0.  1.  0.]
 [ 0.  1.  0.]
 [ 0.  1.  0.]
 [ 0.  1.  0.]
 [ 0.  0.  0.]
 [ 0.  0.  0.]
 [ 0.  0.  0.]
 [ 0.  0.  0.]
 [ 0.  0.  0.]
 [ 0.  0.  0.]
 [ 0.  0.  0.]
 [ 0.  0.  0.]
 [ 0.  0.  0.]
 [ 0.  1.  0.]
 [ 0.  0.  0.]
 [ 0.  0.  1.]
 [ 0.  0.  0.]
 [ 0.  0.  0.]
 [ 0.  0.  0.]
 [ 0.  0.  0.]
 [ 0.  0.  0.]
 [ 0.  0.  1.]
 [ 0.  0.  0.]
 [ 0.  0.  0.]
 [ 0.  0.  0.]
 [ 0.  0.  1.]
 [ 0.  0.  0.]
 [ 0.  0.  0.]
 [ 0.  0.  0.]
 [ 0.  0.  1.]
 [ 0.  0.  0.]
 [ 0.  0.  0.]
 [ 0.  0.  0.]
 [ 0.  0.  0.]
 [ 0.  0.  0.]
 [ 0.  0.  0.]
 [ 0.  1.  0.]
 [ 0.  1.  0.]
 [ 0.  0.  0.]
 [ 0.  0.  1.]
 [ 0.  0.  0.]
 [ 0.  0.  0.]
 [ 0.  0.  0.]
 [ 0.  0.  0.]
 [ 1.  0.  0.]
 [ 1.  0.  0.]
 [ 1.  0.  0.]
 [ 1.  0.  0.]
 [ 0.  0.  0.]
 [ 0.  0.  1.]
 [ 0.  0.  0.]
 [ 0.  0.  0.]
 [ 0.  0.  0.]
 [ 0.  0.  0.]
 [ 1.  0.  0.]
 [ 0.  0.  0.]
 [ 0.  0.  1.]
 [ 0.  0.  0.]
 [ 0.  0.  0.]
 [ 0.  0.  0.]
 [ 0.  0.  0.]
 [ 1.  0.  0.]
 [ 1.  0.  0.]
 [ 1.  0.  0.]
 [ 1.  0.  0.]
 [ 0.  0.  0.]
 [ 0.  0.  0.]
 [ 0.  0.  1.]
 [ 0.  0.  0.]
 [ 0.  0.  0.]
 [ 0.  0.  0.]
 [ 0.  1.  0.]
 [ 0.  1.  0.]
 [ 0.  1.  0.]
 [ 0.  0.  0.]
 [ 0.  0.  1.]
 [ 0.  0.  0.]
 [ 0.  0.  0.]
 [ 0.  0.  0.]
 [ 0.  0.  0.]
 [ 0.  1.  0.]
 [ 0.  1.  0.]
 [ 0.  1.  0.]
 [ 0.  0.  0.]
 [ 0.  0.  1.]]","[[ 1.  0.  0.  0.]
 [ 1.  0.  0.  0.]
 [ 1.  0.  0.  0.]
 [ 1.  0.  0.  0.]
 [ 1.  0.  0.  0.]
 [ 1.  0.  0.  0.]
 [ 1.  0.  0.  0.]
 [ 1.  0.  0.  0.]
 [ 1.  0.  0.  0.]
 [ 1.  0.  0.  0.]
 [ 0.  0.  1.  0.]
 [ 0.  0.  1.  0.]
 [ 0.  0.  1.  0.]
 [ 0.  0.  1.  0.]
 [ 0.  0.  1.  0.]
 [ 1.  0.  0.  0.]
 [ 1.  0.  0.  0.]
 [ 1.  0.  0.  0.]
 [ 1.  0.  0.  0.]
 [ 1.  0.  0.  0.]
 [ 1.  0.  0.  0.]
 [ 1.  0.  0.  0.]
 [ 1.  0.  0.  0.]
 [ 1.  0.  0.  0.]
 [ 0.  0.  1.  0.]
 [ 1.  0.  0.  0.]
 [ 0.  1.  0.  0.]
 [ 1.  0.  0.  0.]
 [ 1.  0.  0.  0.]
 [ 1.  0.  0.  0.]
 [ 1.  0.  0.  0.]
 [ 1.  0.  0.  0.]
 [ 0.  1.  0.  0.]
 [ 1.  0.  0.  0.]
 [ 1.  0.  0.  0.]
 [ 1.  0.  0.  0.]
 [ 0.  1.  0.  0.]
 [ 1.  0.  0.  0.]
 [ 1.  0.  0.  0.]
 [ 1.  0.  0.  0.]
 [ 0.  1.  0.  0.]
 [ 1.  0.  0.  0.]
 [ 1.  0.  0.  0.]
 [ 1.  0.  0.  0.]
 [ 1.  0.  0.  0.]
 [ 1.  0.  0.  0.]
 [ 1.  0.  0.  0.]
 [ 0.  0.  1.  0.]
 [ 0.  0.  1.  0.]
 [ 1.  0.  0.  0.]
 [ 0.  1.  0.  0.]
 [ 1.  0.  0.  0.]
 [ 1.  0.  0.  0.]
 [ 1.  0.  0.  0.]
 [ 1.  0.  0.  0.]
 [ 0.  0.  0.  1.]
 [ 0.  0.  0.  1.]
 [ 0.  0.  0.  1.]
 [ 0.  0.  0.  1.]
 [ 1.  0.  0.  0.]
 [ 0.  1.  0.  0.]
 [ 1.  0.  0.  0.]
 [ 1.  0.  0.  0.]
 [ 1.  0.  0.  0.]
 [ 1.  0.  0.  0.]
 [ 0.  0.  0.  1.]
 [ 1.  0.  0.  0.]
 [ 0.  1.  0.  0.]
 [ 1.  0.  0.  0.]
 [ 1.  0.  0.  0.]
 [ 1.  0.  0.  0.]
 [ 1.  0.  0.  0.]
 [ 0.  0.  0.  1.]
 [ 0.  0.  0.  1.]
 [ 0.  0.  0.  1.]
 [ 0.  0.  0.  1.]
 [ 1.  0.  0.  0.]
 [ 1.  0.  0.  0.]
 [ 0.  1.  0.  0.]
 [ 1.  0.  0.  0.]
 [ 1.  0.  0.  0.]
 [ 1.  0.  0.  0.]
 [ 0.  0.  1.  0.]
 [ 0.  0.  1.  0.]
 [ 0.  0.  1.  0.]
 [ 1.  0.  0.  0.]
 [ 0.  1.  0.  0.]
 [ 1.  0.  0.  0.]
 [ 1.  0.  0.  0.]
 [ 1.  0.  0.  0.]
 [ 1.  0.  0.  0.]
 [ 0.  0.  1.  0.]
 [ 0.  0.  1.  0.]
 [ 0.  0.  1.  0.]
 [ 1.  0.  0.  0.]
 [ 0.  1.  0.  0.]]",[  0.  32.  62.  75.  82.  36.  63.  69.  60.  68.  62.]
0,"[[[  6.92993252e-310   5.90000000e+001   5.90000000e+001 ...,
     3.40000000e+001   7.10000000e+001   7.10000000e+001]
  [  6.92993252e-310   6.50000000e+001   6.50000000e+001 ...,
     6.20000000e+001   7.20000000e+001   7.00000000e+001]
  [  1.86468359e-316   6.40000000e+001   6.40000000e+001 ...,
     4.90000000e+001   7.40000000e+001   7.30000000e+001]
  ..., 
  [  0.00000000e+000   6.60000000e+001   6.60000000e+001 ...,
     2.50000000e+001   7.80000000e+001   5.70000000e+001]
  [  0.00000000e+000   6.10000000e+001   6.10000000e+001 ...,
     2.60000000e+001   7.50000000e+001   5.00000000e+001]
  [  0.00000000e+000   6.70000000e+001   6.70000000e+001 ...,
     5.20000000e+001   6.60000000e+001   7.50000000e+001]]

 [[  0.00000000e+000   7.40000000e+001   7.40000000e+001 ...,
     5.40000000e+001   3.70000000e+001   7.00000000e+001]
  [  0.00000000e+000   6.00000000e+001   6.00000000e+001 ...,
     5.90000000e+001   3.20000000e+001   5.30000000e+001]
  [  0.00000000e+000   5.20000000e+001   5.20000000e+001 ...,
     7.60000000e+001   3.10000000e+001   3.70000000e+001]
  ..., 
  [  0.00000000e+000   5.40000000e+001   5.40000000e+001 ...,
     5.20000000e+001   5.50000000e+001   6.30000000e+001]
  [  0.00000000e+000   6.90000000e+001   6.90000000e+001 ...,
     6.50000000e+001   2.70000000e+001   5.00000000e+001]
  [  0.00000000e+000   6.80000000e+001   6.80000000e+001 ...,
     7.20000000e+001   4.10000000e+001   7.00000000e+001]]

 [[  0.00000000e+000   4.50000000e+001   4.50000000e+001 ...,
     5.50000000e+001   6.30000000e+001   3.50000000e+001]
  [  0.00000000e+000   6.40000000e+001   6.40000000e+001 ...,
     5.60000000e+001   3.60000000e+001   6.20000000e+001]
  [  0.00000000e+000   3.80000000e+001   3.80000000e+001 ...,
     5.70000000e+001   2.20000000e+001   4.60000000e+001]
  ..., 
  [  0.00000000e+000   5.80000000e+001   5.80000000e+001 ...,
     7.90000000e+001   2.20000000e+001   6.50000000e+001]
  [  0.00000000e+000   5.70000000e+001   5.70000000e+001 ...,
     6.40000000e+001   4.20000000e+001   5.00000000e+001]
  [  0.00000000e+000   2.90000000e+001   2.90000000e+001 ...,
     5.40000000e+001   6.60000000e+001   6.60000000e+001]]

 ..., 
 [[  1.14587773e-312   7.30000000e+001   7.30000000e+001 ...,
     7.30000000e+001   7.30000000e+001   7.30000000e+001]
  [  9.76118064e-313   7.50000000e+001   7.50000000e+001 ...,
     7.50000000e+001   7.50000000e+001   7.50000000e+001]
  [  9.76118064e-313   9.30000000e+001   9.30000000e+001 ...,
     9.30000000e+001   9.30000000e+001   9.30000000e+001]
  ..., 
  [  6.79038653e-313   1.42000000e+002   1.42000000e+002 ...,
     1.42000000e+002   1.42000000e+002   1.42000000e+002]
  [  6.79038653e-313   8.80000000e+001   8.80000000e+001 ...,
     8.80000000e+001   8.80000000e+001   8.80000000e+001]
  [  6.79038653e-313   6.00000000e+001   6.00000000e+001 ...,
     6.00000000e+001   6.00000000e+001   6.00000000e+001]]

 [[  6.79038653e-313   4.30000000e+001   4.30000000e+001 ...,
     4.30000000e+001   4.30000000e+001   4.30000000e+001]
  [  6.79038653e-313   5.90000000e+001   5.90000000e+001 ...,
     5.90000000e+001   5.90000000e+001   5.90000000e+001]
  [  6.79038653e-313   1.07000000e+002   1.07000000e+002 ...,
     1.07000000e+002   1.07000000e+002   1.07000000e+002]
  ..., 
  [  6.79038653e-313   1.19000000e+002   1.19000000e+002 ...,
     1.19000000e+002   1.19000000e+002   1.19000000e+002]
  [  6.79038653e-313   7.40000000e+001   7.40000000e+001 ...,
     7.40000000e+001   7.40000000e+001   7.40000000e+001]
  [  6.79038653e-313   5.70000000e+001   5.70000000e+001 ...,
     5.70000000e+001   5.70000000e+001   5.70000000e+001]]

 [[  6.79038653e-313   1.70000000e+001   1.70000000e+001 ...,
     1.70000000e+001   1.70000000e+001   1.70000000e+001]
  [  6.79038653e-313   3.20000000e+001   3.20000000e+001 ...,
     3.20000000e+001   3.20000000e+001   3.20000000e+001]
  [  6.79038653e-313   3.80000000e+001   3.80000000e+001 ...,
     3.80000000e+001   3.80000000e+001   3.80000000e+001]
  ..., 
  [  6.79038653e-313   3.50000000e+001   3.50000000e+001 ...,
     3.50000000e+001   3.50000000e+001   3.50000000e+001]
  [  6.79038653e-313   5.00000000e+001   5.00000000e+001 ...,
     5.00000000e+001   5.00000000e+001   5.00000000e+001]
  [  6.79038653e-313   4.50000000e+001   4.50000000e+001 ...,
     4.50000000e+001   4.50000000e+001   4.50000000e+001]]]","[[   0.    0.]
 [   1.   31.]
 [  32.   43.]
 [  44.   55.]
 [  56.   62.]
 [  63.   71.]
 [  72.   83.]
 [  84.   93.]
 [  94.  105.]
 [ 106.  110.]
 [ 111.  121.]]","[[ 0.  0.  0.]
 [ 0.  0.  0.]
 [ 0.  0.  0.]
 [ 0.  0.  0.]
 [ 0.  0.  0.]
 [ 0.  0.  0.]
 [ 0.  0.  0.]
 [ 0.  0.  0.]
 [ 0.  0.  0.]
 [ 0.  0.  0.]
 [ 0.  0.  0.]
 [ 0.  0.  0.]
 [ 0.  0.  0.]
 [ 0.  0.  0.]
 [ 0.  0.  0.]
 [ 0.  0.  0.]
 [ 0.  0.  0.]
 [ 0.  0.  0.]
 [ 0.  0.  0.]
 [ 0.  0.  0.]
 [ 1.  0.  0.]
 [ 1.  0.  0.]
 [ 1.  0.  0.]
 [ 1.  0.  0.]
 [ 0.  0.  0.]
 [ 0.  0.  0.]
 [ 0.  0.  0.]
 [ 0.  0.  0.]
 [ 1.  0.  0.]
 [ 0.  0.  0.]
 [ 0.  0.  0.]
 [ 0.  0.  1.]
 [ 0.  0.  0.]
 [ 0.  0.  0.]
 [ 0.  0.  0.]
 [ 0.  1.  0.]
 [ 0.  1.  0.]
 [ 0.  1.  0.]
 [ 0.  1.  0.]
 [ 0.  1.  0.]
 [ 0.  1.  0.]
 [ 0.  0.  0.]
 [ 0.  0.  0.]
 [ 0.  0.  1.]
 [ 0.  0.  0.]
 [ 0.  0.  0.]
 [ 0.  0.  0.]
 [ 0.  0.  0.]
 [ 0.  1.  0.]
 [ 0.  1.  0.]
 [ 0.  1.  0.]
 [ 0.  1.  0.]
 [ 0.  1.  0.]
 [ 0.  1.  0.]
 [ 0.  0.  0.]
 [ 0.  0.  1.]
 [ 0.  0.  0.]
 [ 0.  0.  0.]
 [ 0.  0.  0.]
 [ 0.  0.  0.]
 [ 1.  0.  0.]
 [ 0.  0.  0.]
 [ 0.  0.  1.]
 [ 0.  0.  0.]
 [ 0.  0.  0.]
 [ 0.  0.  0.]
 [ 0.  0.  0.]
 [ 0.  1.  0.]
 [ 0.  0.  0.]
 [ 0.  0.  0.]
 [ 0.  0.  0.]
 [ 0.  0.  1.]
 [ 0.  0.  0.]
 [ 0.  0.  0.]
 [ 0.  0.  0.]
 [ 0.  0.  0.]
 [ 1.  0.  0.]
 [ 1.  0.  0.]
 [ 1.  0.  0.]
 [ 0.  0.  0.]
 [ 0.  0.  0.]
 [ 0.  0.  0.]
 [ 0.  0.  1.]
 [ 0.  0.  0.]
 [ 0.  0.  0.]
 [ 0.  0.  0.]
 [ 0.  0.  0.]
 [ 0.  0.  0.]
 [ 0.  0.  0.]
 [ 0.  1.  0.]
 [ 0.  0.  0.]
 [ 0.  0.  0.]
 [ 0.  0.  1.]
 [ 0.  0.  0.]
 [ 0.  0.  0.]
 [ 0.  0.  0.]
 [ 0.  0.  0.]
 [ 0.  0.  0.]
 [ 0.  1.  0.]
 [ 0.  1.  0.]
 [ 0.  1.  0.]
 [ 0.  0.  0.]
 [ 0.  0.  0.]
 [ 0.  0.  0.]
 [ 0.  0.  1.]
 [ 0.  0.  0.]
 [ 0.  0.  0.]
 [ 0.  0.  0.]
 [ 0.  0.  0.]
 [ 0.  0.  0.]
 [ 0.  0.  0.]
 [ 0.  0.  0.]
 [ 0.  0.  0.]
 [ 0.  0.  0.]
 [ 0.  0.  0.]
 [ 0.  1.  0.]
 [ 0.  1.  0.]
 [ 0.  1.  0.]
 [ 0.  1.  0.]
 [ 0.  0.  0.]
 [ 0.  0.  0.]
 [ 0.  0.  1.]]","[[ 1.  0.  0.  0.]
 [ 1.  0.  0.  0.]
 [ 1.  0.  0.  0.]
 [ 1.  0.  0.  0.]
 [ 1.  0.  0.  0.]
 [ 1.  0.  0.  0.]
 [ 1.  0.  0.  0.]
 [ 1.  0.  0.  0.]
 [ 1.  0.  0.  0.]
 [ 1.  0.  0.  0.]
 [ 1.  0.  0.  0.]
 [ 1.  0.  0.  0.]
 [ 1.  0.  0.  0.]
 [ 1.  0.  0.  0.]
 [ 1.  0.  0.  0.]
 [ 1.  0.  0.  0.]
 [ 1.  0.  0.  0.]
 [ 1.  0.  0.  0.]
 [ 1.  0.  0.  0.]
 [ 1.  0.  0.  0.]
 [ 0.  0.  0.  1.]
 [ 0.  0.  0.  1.]
 [ 0.  0.  0.  1.]
 [ 0.  0.  0.  1.]
 [ 1.  0.  0.  0.]
 [ 1.  0.  0.  0.]
 [ 1.  0.  0.  0.]
 [ 1.  0.  0.  0.]
 [ 0.  0.  0.  1.]
 [ 1.  0.  0.  0.]
 [ 1.  0.  0.  0.]
 [ 0.  1.  0.  0.]
 [ 1.  0.  0.  0.]
 [ 1.  0.  0.  0.]
 [ 1.  0.  0.  0.]
 [ 0.  0.  1.  0.]
 [ 0.  0.  1.  0.]
 [ 0.  0.  1.  0.]
 [ 0.  0.  1.  0.]
 [ 0.  0.  1.  0.]
 [ 0.  0.  1.  0.]
 [ 1.  0.  0.  0.]
 [ 1.  0.  0.  0.]
 [ 0.  1.  0.  0.]
 [ 1.  0.  0.  0.]
 [ 1.  0.  0.  0.]
 [ 1.  0.  0.  0.]
 [ 1.  0.  0.  0.]
 [ 0.  0.  1.  0.]
 [ 0.  0.  1.  0.]
 [ 0.  0.  1.  0.]
 [ 0.  0.  1.  0.]
 [ 0.  0.  1.  0.]
 [ 0.  0.  1.  0.]
 [ 1.  0.  0.  0.]
 [ 0.  1.  0.  0.]
 [ 1.  0.  0.  0.]
 [ 1.  0.  0.  0.]
 [ 1.  0.  0.  0.]
 [ 1.  0.  0.  0.]
 [ 0.  0.  0.  1.]
 [ 1.  0.  0.  0.]
 [ 0.  1.  0.  0.]
 [ 1.  0.  0.  0.]
 [ 1.  0.  0.  0.]
 [ 1.  0.  0.  0.]
 [ 1.  0.  0.  0.]
 [ 0.  0.  1.  0.]
 [ 1.  0.  0.  0.]
 [ 1.  0.  0.  0.]
 [ 1.  0.  0.  0.]
 [ 0.  1.  0.  0.]
 [ 1.  0.  0.  0.]
 [ 1.  0.  0.  0.]
 [ 1.  0.  0.  0.]
 [ 1.  0.  0.  0.]
 [ 0.  0.  0.  1.]
 [ 0.  0.  0.  1.]
 [ 0.  0.  0.  1.]
 [ 1.  0.  0.  0.]
 [ 1.  0.  0.  0.]
 [ 1.  0.  0.  0.]
 [ 0.  1.  0.  0.]
 [ 1.  0.  0.  0.]
 [ 1.  0.  0.  0.]
 [ 1.  0.  0.  0.]
 [ 1.  0.  0.  0.]
 [ 1.  0.  0.  0.]
 [ 1.  0.  0.  0.]
 [ 0.  0.  1.  0.]
 [ 1.  0.  0.  0.]
 [ 1.  0.  0.  0.]
 [ 0.  1.  0.  0.]
 [ 1.  0.  0.  0.]
 [ 1.  0.  0.  0.]
 [ 1.  0.  0.  0.]
 [ 1.  0.  0.  0.]
 [ 1.  0.  0.  0.]
 [ 0.  0.  1.  0.]
 [ 0.  0.  1.  0.]
 [ 0.  0.  1.  0.]
 [ 1.  0.  0.  0.]
 [ 1.  0.  0.  0.]
 [ 1.  0.  0.  0.]
 [ 0.  1.  0.  0.]
 [ 1.  0.  0.  0.]
 [ 1.  0.  0.  0.]
 [ 1.  0.  0.  0.]
 [ 1.  0.  0.  0.]
 [ 1.  0.  0.  0.]
 [ 1.  0.  0.  0.]
 [ 1.  0.  0.  0.]
 [ 1.  0.  0.  0.]
 [ 1.  0.  0.  0.]
 [ 1.  0.  0.  0.]
 [ 0.  0.  1.  0.]
 [ 0.  0.  1.  0.]
 [ 0.  0.  1.  0.]
 [ 0.  0.  1.  0.]
 [ 1.  0.  0.  0.]
 [ 1.  0.  0.  0.]
 [ 0.  1.  0.  0.]]",[  0. -25.  52.  50.  70.  63.  53.  61.  53.  79.  54.]
0,"[[[  6.92993252e-310   5.90000000e+001   5.90000000e+001 ...,
     5.90000000e+001   5.90000000e+001   5.90000000e+001]
  [  6.92993252e-310   6.50000000e+001   6.50000000e+001 ...,
     6.50000000e+001   6.50000000e+001   6.50000000e+001]
  [  1.86468359e-316   6.40000000e+001   6.40000000e+001 ...,
     6.40000000e+001   6.40000000e+001   6.40000000e+001]
  ..., 
  [  1.21089429e-099   6.60000000e+001   6.60000000e+001 ...,
     6.60000000e+001   6.60000000e+001   6.60000000e+001]
  [  1.81152860e-152   6.10000000e+001   6.10000000e+001 ...,
     6.10000000e+001   6.10000000e+001   6.10000000e+001]
  [  3.30883476e-033   6.70000000e+001   6.70000000e+001 ...,
     6.70000000e+001   6.70000000e+001   6.70000000e+001]]

 [[  5.20460168e-090   7.40000000e+001   7.40000000e+001 ...,
     7.40000000e+001   7.40000000e+001   7.40000000e+001]
  [  4.44891543e-086   6.00000000e+001   6.00000000e+001 ...,
     6.00000000e+001   6.00000000e+001   6.00000000e+001]
  [  1.39804329e-076   5.20000000e+001   5.20000000e+001 ...,
     5.20000000e+001   5.20000000e+001   5.20000000e+001]
  ..., 
  [  8.17713164e+136   5.40000000e+001   5.40000000e+001 ...,
     5.40000000e+001   5.40000000e+001   5.40000000e+001]
  [  4.04676320e-086   6.90000000e+001   6.90000000e+001 ...,
     6.90000000e+001   6.90000000e+001   6.90000000e+001]
  [  2.52782779e-052   6.80000000e+001   6.80000000e+001 ...,
     6.80000000e+001   6.80000000e+001   6.80000000e+001]]

 [[  6.01357291e-154   4.50000000e+001   4.50000000e+001 ...,
     4.50000000e+001   4.50000000e+001   4.50000000e+001]
  [  1.39804329e-076   6.40000000e+001   6.40000000e+001 ...,
     6.40000000e+001   6.40000000e+001   6.40000000e+001]
  [  1.28195713e-153   3.80000000e+001   3.80000000e+001 ...,
     3.80000000e+001   3.80000000e+001   3.80000000e+001]
  ..., 
  [  1.51952019e-047   5.80000000e+001   5.80000000e+001 ...,
     5.80000000e+001   5.80000000e+001   5.80000000e+001]
  [  6.01358429e-154   5.70000000e+001   5.70000000e+001 ...,
     5.70000000e+001   5.70000000e+001   5.70000000e+001]
  [  1.39804329e-076   2.90000000e+001   2.90000000e+001 ...,
     2.90000000e+001   2.90000000e+001   2.90000000e+001]]

 ..., 
 [[  6.79038653e-313   7.30000000e+001   7.30000000e+001 ...,
     7.30000000e+001   7.30000000e+001   7.30000000e+001]
  [  6.79038653e-313   7.50000000e+001   7.50000000e+001 ...,
     7.50000000e+001   7.50000000e+001   7.50000000e+001]
  [  6.79038653e-313   9.30000000e+001   9.30000000e+001 ...,
     9.30000000e+001   9.30000000e+001   9.30000000e+001]
  ..., 
  [  6.79038653e-313   1.42000000e+002   1.42000000e+002 ...,
     1.42000000e+002   1.42000000e+002   1.42000000e+002]
  [  6.79038653e-313   8.80000000e+001   8.80000000e+001 ...,
     8.80000000e+001   8.80000000e+001   8.80000000e+001]
  [  6.79038653e-313   6.00000000e+001   6.00000000e+001 ...,
     6.00000000e+001   6.00000000e+001   6.00000000e+001]]

 [[  6.79038653e-313   4.30000000e+001   4.30000000e+001 ...,
     4.30000000e+001   4.30000000e+001   4.30000000e+001]
  [  6.79038653e-313   5.90000000e+001   5.90000000e+001 ...,
     5.90000000e+001   5.90000000e+001   5.90000000e+001]
  [  6.79038653e-313   1.07000000e+002   1.07000000e+002 ...,
     1.07000000e+002   1.07000000e+002   1.07000000e+002]
  ..., 
  [  6.79038653e-313   1.19000000e+002   1.19000000e+002 ...,
     1.19000000e+002   1.19000000e+002   1.19000000e+002]
  [  6.79038653e-313   7.40000000e+001   7.40000000e+001 ...,
     7.40000000e+001   7.40000000e+001   7.40000000e+001]
  [  6.79038653e-313   5.70000000e+001   5.70000000e+001 ...,
     5.70000000e+001   5.70000000e+001   5.70000000e+001]]

 [[  6.79038653e-313   1.70000000e+001   1.70000000e+001 ...,
     1.70000000e+001   1.70000000e+001   1.70000000e+001]
  [  6.79038653e-313   3.20000000e+001   3.20000000e+001 ...,
     3.20000000e+001   3.20000000e+001   3.20000000e+001]
  [  6.79038653e-313   3.80000000e+001   3.80000000e+001 ...,
     3.80000000e+001   3.80000000e+001   3.80000000e+001]
  ..., 
  [  6.79038653e-313   3.50000000e+001   3.50000000e+001 ...,
     3.50000000e+001   3.50000000e+001   3.50000000e+001]
  [  6.79038653e-313   5.00000000e+001   5.00000000e+001 ...,
     5.00000000e+001   5.00000000e+001   5.00000000e+001]
  [  6.79038653e-313   4.50000000e+001   4.50000000e+001 ...,
     4.50000000e+001   4.50000000e+001   4.50000000e+001]]]","[[   0.    0.]
 [   1.   13.]
 [  14.   22.]
 [  23.   33.]
 [  34.   47.]
 [  48.   60.]
 [  61.   74.]
 [  75.   83.]
 [  84.   96.]
 [  97.  112.]
 [ 113.  118.]]","[[ 0.  0.  0.]
 [ 0.  0.  0.]
 [ 0.  0.  0.]
 [ 0.  0.  0.]
 [ 1.  0.  0.]
 [ 1.  0.  0.]
 [ 1.  0.  0.]
 [ 0.  0.  0.]
 [ 0.  0.  0.]
 [ 0.  0.  0.]
 [ 1.  0.  0.]
 [ 1.  0.  0.]
 [ 0.  0.  0.]
 [ 0.  0.  1.]
 [ 0.  0.  0.]
 [ 0.  0.  0.]
 [ 0.  0.  0.]
 [ 0.  0.  0.]
 [ 0.  1.  0.]
 [ 0.  1.  0.]
 [ 0.  0.  0.]
 [ 0.  0.  0.]
 [ 0.  0.  1.]
 [ 0.  0.  0.]
 [ 0.  0.  0.]
 [ 0.  0.  0.]
 [ 0.  1.  0.]
 [ 0.  1.  0.]
 [ 0.  1.  0.]
 [ 0.  1.  0.]
 [ 0.  1.  0.]
 [ 0.  0.  0.]
 [ 0.  0.  0.]
 [ 0.  0.  1.]
 [ 0.  0.  0.]
 [ 0.  0.  0.]
 [ 0.  0.  0.]
 [ 0.  0.  0.]
 [ 1.  0.  0.]
 [ 1.  0.  0.]
 [ 1.  0.  0.]
 [ 1.  0.  0.]
 [ 1.  0.  0.]
 [ 1.  0.  0.]
 [ 0.  0.  0.]
 [ 0.  0.  0.]
 [ 0.  0.  0.]
 [ 0.  0.  1.]
 [ 0.  0.  0.]
 [ 0.  0.  0.]
 [ 0.  0.  0.]
 [ 0.  0.  0.]
 [ 0.  1.  0.]
 [ 0.  1.  0.]
 [ 0.  1.  0.]
 [ 0.  1.  0.]
 [ 0.  1.  0.]
 [ 0.  1.  0.]
 [ 0.  0.  0.]
 [ 0.  0.  1.]
 [ 0.  0.  1.]
 [ 0.  0.  0.]
 [ 0.  0.  0.]
 [ 0.  0.  0.]
 [ 1.  0.  0.]
 [ 1.  0.  0.]
 [ 1.  0.  0.]
 [ 1.  0.  0.]
 [ 1.  0.  0.]
 [ 1.  0.  0.]
 [ 1.  0.  0.]
 [ 0.  0.  0.]
 [ 0.  0.  0.]
 [ 0.  0.  0.]
 [ 0.  0.  1.]
 [ 0.  0.  0.]
 [ 0.  0.  0.]
 [ 0.  0.  0.]
 [ 0.  1.  0.]
 [ 0.  1.  0.]
 [ 0.  1.  0.]
 [ 0.  1.  0.]
 [ 0.  0.  0.]
 [ 0.  0.  1.]
 [ 0.  0.  0.]
 [ 0.  0.  0.]
 [ 0.  0.  0.]
 [ 0.  0.  0.]
 [ 0.  1.  0.]
 [ 0.  1.  0.]
 [ 0.  1.  0.]
 [ 0.  1.  0.]
 [ 0.  1.  0.]
 [ 0.  1.  0.]
 [ 0.  1.  0.]
 [ 0.  0.  0.]
 [ 0.  0.  1.]
 [ 0.  0.  0.]
 [ 0.  0.  0.]
 [ 0.  0.  0.]
 [ 0.  0.  0.]
 [ 0.  0.  1.]
 [ 0.  0.  0.]
 [ 0.  0.  0.]
 [ 0.  0.  0.]
 [ 0.  0.  0.]
 [ 0.  0.  0.]
 [ 0.  0.  0.]
 [ 0.  1.  0.]
 [ 0.  1.  0.]
 [ 0.  0.  0.]
 [ 0.  0.  0.]
 [ 0.  0.  1.]
 [ 0.  0.  0.]
 [ 0.  0.  0.]
 [ 0.  0.  0.]
 [ 0.  0.  0.]
 [ 0.  0.  0.]
 [ 0.  0.  0.]]","[[ 1.  0.  0.  0.]
 [ 1.  0.  0.  0.]
 [ 1.  0.  0.  0.]
 [ 1.  0.  0.  0.]
 [ 0.  0.  0.  1.]
 [ 0.  0.  0.  1.]
 [ 0.  0.  0.  1.]
 [ 1.  0.  0.  0.]
 [ 1.  0.  0.  0.]
 [ 1.  0.  0.  0.]
 [ 0.  0.  0.  1.]
 [ 0.  0.  0.  1.]
 [ 1.  0.  0.  0.]
 [ 0.  1.  0.  0.]
 [ 1.  0.  0.  0.]
 [ 1.  0.  0.  0.]
 [ 1.  0.  0.  0.]
 [ 1.  0.  0.  0.]
 [ 0.  0.  1.  0.]
 [ 0.  0.  1.  0.]
 [ 1.  0.  0.  0.]
 [ 1.  0.  0.  0.]
 [ 0.  1.  0.  0.]
 [ 1.  0.  0.  0.]
 [ 1.  0.  0.  0.]
 [ 1.  0.  0.  0.]
 [ 0.  0.  1.  0.]
 [ 0.  0.  1.  0.]
 [ 0.  0.  1.  0.]
 [ 0.  0.  1.  0.]
 [ 0.  0.  1.  0.]
 [ 1.  0.  0.  0.]
 [ 1.  0.  0.  0.]
 [ 0.  1.  0.  0.]
 [ 1.  0.  0.  0.]
 [ 1.  0.  0.  0.]
 [ 1.  0.  0.  0.]
 [ 1.  0.  0.  0.]
 [ 0.  0.  0.  1.]
 [ 0.  0.  0.  1.]
 [ 0.  0.  0.  1.]
 [ 0.  0.  0.  1.]
 [ 0.  0.  0.  1.]
 [ 0.  0.  0.  1.]
 [ 1.  0.  0.  0.]
 [ 1.  0.  0.  0.]
 [ 1.  0.  0.  0.]
 [ 0.  1.  0.  0.]
 [ 1.  0.  0.  0.]
 [ 1.  0.  0.  0.]
 [ 1.  0.  0.  0.]
 [ 1.  0.  0.  0.]
 [ 0.  0.  1.  0.]
 [ 0.  0.  1.  0.]
 [ 0.  0.  1.  0.]
 [ 0.  0.  1.  0.]
 [ 0.  0.  1.  0.]
 [ 0.  0.  1.  0.]
 [ 1.  0.  0.  0.]
 [ 0.  1.  0.  0.]
 [ 0.  1.  0.  0.]
 [ 1.  0.  0.  0.]
 [ 1.  0.  0.  0.]
 [ 1.  0.  0.  0.]
 [ 0.  0.  0.  1.]
 [ 0.  0.  0.  1.]
 [ 0.  0.  0.  1.]
 [ 0.  0.  0.  1.]
 [ 0.  0.  0.  1.]
 [ 0.  0.  0.  1.]
 [ 0.  0.  0.  1.]
 [ 1.  0.  0.  0.]
 [ 1.  0.  0.  0.]
 [ 1.  0.  0.  0.]
 [ 0.  1.  0.  0.]
 [ 1.  0.  0.  0.]
 [ 1.  0.  0.  0.]
 [ 1.  0.  0.  0.]
 [ 0.  0.  1.  0.]
 [ 0.  0.  1.  0.]
 [ 0.  0.  1.  0.]
 [ 0.  0.  1.  0.]
 [ 1.  0.  0.  0.]
 [ 0.  1.  0.  0.]
 [ 1.  0.  0.  0.]
 [ 1.  0.  0.  0.]
 [ 1.  0.  0.  0.]
 [ 1.  0.  0.  0.]
 [ 0.  0.  1.  0.]
 [ 0.  0.  1.  0.]
 [ 0.  0.  1.  0.]
 [ 0.  0.  1.  0.]
 [ 0.  0.  1.  0.]
 [ 0.  0.  1.  0.]
 [ 0.  0.  1.  0.]
 [ 1.  0.  0.  0.]
 [ 0.  1.  0.  0.]
 [ 1.  0.  0.  0.]
 [ 1.  0.  0.  0.]
 [ 1.  0.  0.  0.]
 [ 1.  0.  0.  0.]
 [ 0.  1.  0.  0.]
 [ 1.  0.  0.  0.]
 [ 1.  0.  0.  0.]
 [ 1.  0.  0.  0.]
 [ 1.  0.  0.  0.]
 [ 1.  0.  0.  0.]
 [ 1.  0.  0.  0.]
 [ 0.  0.  1.  0.]
 [ 0.  0.  1.  0.]
 [ 1.  0.  0.  0.]
 [ 1.  0.  0.  0.]
 [ 0.  1.  0.  0.]
 [ 1.  0.  0.  0.]
 [ 1.  0.  0.  0.]
 [ 1.  0.  0.  0.]
 [ 1.  0.  0.  0.]
 [ 1.  0.  0.  0.]
 [ 1.  0.  0.  0.]]",[  0.  46.  64.  54.  42.  49.  44.  63.  48.  31.  76.]
0,"[[[  6.92993252e-310   5.90000000e+001   5.90000000e+001 ...,
     7.40000000e+001   7.10000000e+001   7.50000000e+001]
  [  6.92993252e-310   6.50000000e+001   6.50000000e+001 ...,
     6.50000000e+001   6.80000000e+001   8.70000000e+001]
  [  1.86468359e-316   6.40000000e+001   6.40000000e+001 ...,
     6.40000000e+001   8.00000000e+001   7.30000000e+001]
  ..., 
  [  1.14587773e-312   6.60000000e+001   6.60000000e+001 ...,
     6.40000000e+001   6.50000000e+001   5.70000000e+001]
  [  1.14587773e-312   6.10000000e+001   6.10000000e+001 ...,
     6.70000000e+001   7.80000000e+001   5.70000000e+001]
  [  1.10343781e-312   6.70000000e+001   6.70000000e+001 ...,
     7.60000000e+001   6.90000000e+001   5.50000000e+001]]

 [[  9.12458191e-313   7.40000000e+001   7.40000000e+001 ...,
     5.30000000e+001   9.10000000e+001   6.90000000e+001]
  [  1.10343781e-312   6.00000000e+001   6.00000000e+001 ...,
     6.20000000e+001   8.00000000e+001   7.50000000e+001]
  [  6.79038653e-313   5.20000000e+001   5.20000000e+001 ...,
     3.40000000e+001   5.20000000e+001   8.80000000e+001]
  ..., 
  [  1.01855798e-312   5.40000000e+001   5.40000000e+001 ...,
     4.60000000e+001   7.20000000e+001   5.50000000e+001]
  [  1.01855798e-312   6.90000000e+001   6.90000000e+001 ...,
     6.60000000e+001   5.40000000e+001   6.00000000e+001]
  [  9.12458191e-313   6.80000000e+001   6.80000000e+001 ...,
     4.30000000e+001   5.30000000e+001   7.80000000e+001]]

 [[  1.01855798e-312   4.50000000e+001   4.50000000e+001 ...,
     3.70000000e+001   7.50000000e+001   6.60000000e+001]
  [  6.79038653e-313   6.40000000e+001   6.40000000e+001 ...,
     4.80000000e+001   7.30000000e+001   5.30000000e+001]
  [  9.76118064e-313   3.80000000e+001   3.80000000e+001 ...,
     6.50000000e+001   6.30000000e+001   7.60000000e+001]
  ..., 
  [  1.16709769e-312   5.80000000e+001   5.80000000e+001 ...,
     6.30000000e+001   3.50000000e+001   3.60000000e+001]
  [  1.12465777e-312   5.70000000e+001   5.70000000e+001 ...,
     3.40000000e+001   2.30000000e+001   6.40000000e+001]
  [  1.01855798e-312   2.90000000e+001   2.90000000e+001 ...,
     2.10000000e+001   2.50000000e+001   4.70000000e+001]]

 ..., 
 [[  8.09280208e-153   7.30000000e+001   7.30000000e+001 ...,
     7.30000000e+001   7.30000000e+001   7.30000000e+001]
  [  6.03396065e-154   7.50000000e+001   7.50000000e+001 ...,
     7.50000000e+001   7.50000000e+001   7.50000000e+001]
  [  8.09280208e-153   9.30000000e+001   9.30000000e+001 ...,
     9.30000000e+001   9.30000000e+001   9.30000000e+001]
  ..., 
  [  6.03395496e-154   1.42000000e+002   1.42000000e+002 ...,
     1.42000000e+002   1.42000000e+002   1.42000000e+002]
  [  8.09280208e-153   8.80000000e+001   8.80000000e+001 ...,
     8.80000000e+001   8.80000000e+001   8.80000000e+001]
  [  6.03395496e-154   6.00000000e+001   6.00000000e+001 ...,
     6.00000000e+001   6.00000000e+001   6.00000000e+001]]

 [[  8.09280208e-153   4.30000000e+001   4.30000000e+001 ...,
     4.30000000e+001   4.30000000e+001   4.30000000e+001]
  [  6.03395496e-154   5.90000000e+001   5.90000000e+001 ...,
     5.90000000e+001   5.90000000e+001   5.90000000e+001]
  [  8.09280208e-153   1.07000000e+002   1.07000000e+002 ...,
     1.07000000e+002   1.07000000e+002   1.07000000e+002]
  ..., 
  [  6.03395496e-154   1.19000000e+002   1.19000000e+002 ...,
     1.19000000e+002   1.19000000e+002   1.19000000e+002]
  [  8.09280208e-153   7.40000000e+001   7.40000000e+001 ...,
     7.40000000e+001   7.40000000e+001   7.40000000e+001]
  [  6.03396065e-154   5.70000000e+001   5.70000000e+001 ...,
     5.70000000e+001   5.70000000e+001   5.70000000e+001]]

 [[  8.09280208e-153   1.70000000e+001   1.70000000e+001 ...,
     1.70000000e+001   1.70000000e+001   1.70000000e+001]
  [  6.03396065e-154   3.20000000e+001   3.20000000e+001 ...,
     3.20000000e+001   3.20000000e+001   3.20000000e+001]
  [  8.09280208e-153   3.80000000e+001   3.80000000e+001 ...,
     3.80000000e+001   3.80000000e+001   3.80000000e+001]
  ..., 
  [  6.03396065e-154   3.50000000e+001   3.50000000e+001 ...,
     3.50000000e+001   3.50000000e+001   3.50000000e+001]
  [  8.09280208e-153   5.00000000e+001   5.00000000e+001 ...,
     5.00000000e+001   5.00000000e+001   5.00000000e+001]
  [  6.03396065e-154   4.50000000e+001   4.50000000e+001 ...,
     4.50000000e+001   4.50000000e+001   4.50000000e+001]]]","[[   0.    0.]
 [   1.   10.]
 [  11.   25.]
 [  26.   33.]
 [  34.   45.]
 [  46.   50.]
 [  51.   64.]
 [  65.   72.]
 [  73.   81.]
 [  82.   92.]
 [  93.  104.]
 [ 105.  116.]
 [ 117.  125.]
 [ 126.  138.]
 [ 139.  148.]
 [ 149.  158.]
 [ 159.  163.]
 [ 164.  187.]
 [ 188.  197.]
 [ 198.  204.]
 [ 205.  222.]]","[[ 0.  0.  0.]
 [ 0.  0.  0.]
 [ 0.  0.  1.]
 [ 0.  0.  0.]
 [ 0.  0.  0.]
 [ 0.  0.  0.]
 [ 0.  0.  0.]
 [ 1.  0.  0.]
 [ 1.  0.  0.]
 [ 0.  0.  0.]
 [ 0.  0.  1.]
 [ 0.  0.  0.]
 [ 0.  0.  0.]
 [ 0.  0.  0.]
 [ 0.  0.  0.]
 [ 0.  0.  0.]
 [ 1.  0.  0.]
 [ 1.  0.  0.]
 [ 1.  0.  0.]
 [ 1.  0.  0.]
 [ 1.  0.  0.]
 [ 1.  0.  0.]
 [ 0.  0.  0.]
 [ 0.  0.  0.]
 [ 0.  0.  0.]
 [ 0.  0.  1.]
 [ 0.  0.  0.]
 [ 0.  0.  0.]
 [ 0.  0.  0.]
 [ 0.  0.  0.]
 [ 0.  1.  0.]
 [ 0.  0.  0.]
 [ 0.  0.  1.]
 [ 0.  0.  0.]
 [ 0.  0.  0.]
 [ 0.  0.  0.]
 [ 0.  0.  0.]
 [ 0.  0.  0.]
 [ 0.  1.  0.]
 [ 0.  1.  0.]
 [ 0.  1.  0.]
 [ 0.  1.  0.]
 [ 0.  1.  0.]
 [ 0.  1.  0.]
 [ 0.  0.  0.]
 [ 0.  0.  1.]
 [ 0.  0.  0.]
 [ 0.  0.  0.]
 [ 0.  0.  0.]
 [ 0.  0.  0.]
 [ 0.  0.  1.]
 [ 0.  0.  0.]
 [ 0.  0.  0.]
 [ 0.  0.  0.]
 [ 1.  0.  0.]
 [ 1.  0.  0.]
 [ 1.  0.  0.]
 [ 1.  0.  0.]
 [ 1.  0.  0.]
 [ 1.  0.  0.]
 [ 0.  0.  0.]
 [ 0.  0.  0.]
 [ 0.  0.  0.]
 [ 0.  0.  0.]
 [ 0.  0.  1.]
 [ 0.  0.  0.]
 [ 0.  0.  0.]
 [ 0.  0.  0.]
 [ 0.  1.  0.]
 [ 0.  1.  0.]
 [ 0.  1.  0.]
 [ 0.  0.  0.]
 [ 0.  0.  1.]
 [ 0.  0.  0.]
 [ 0.  0.  0.]
 [ 0.  0.  0.]
 [ 1.  0.  0.]
 [ 1.  0.  0.]
 [ 1.  0.  0.]
 [ 0.  0.  0.]
 [ 0.  0.  0.]
 [ 0.  0.  1.]
 [ 0.  0.  0.]
 [ 0.  0.  0.]
 [ 0.  0.  0.]
 [ 0.  0.  0.]
 [ 0.  1.  0.]
 [ 0.  1.  0.]
 [ 0.  0.  0.]
 [ 0.  0.  0.]
 [ 0.  0.  0.]
 [ 0.  0.  0.]
 [ 0.  0.  1.]
 [ 0.  0.  0.]
 [ 0.  0.  0.]
 [ 0.  0.  0.]
 [ 1.  0.  0.]
 [ 0.  1.  0.]
 [ 0.  1.  0.]
 [ 0.  1.  0.]
 [ 0.  1.  0.]
 [ 0.  1.  0.]
 [ 0.  0.  0.]
 [ 0.  0.  0.]
 [ 0.  0.  1.]
 [ 0.  0.  0.]
 [ 0.  0.  0.]
 [ 0.  0.  0.]
 [ 0.  0.  0.]
 [ 0.  1.  0.]
 [ 0.  1.  0.]
 [ 0.  1.  0.]
 [ 0.  1.  0.]
 [ 0.  0.  0.]
 [ 0.  0.  0.]
 [ 0.  0.  0.]
 [ 0.  0.  1.]
 [ 0.  0.  0.]
 [ 0.  0.  0.]
 [ 0.  0.  0.]
 [ 0.  0.  0.]
 [ 1.  0.  0.]
 [ 1.  0.  0.]
 [ 1.  0.  0.]
 [ 0.  0.  0.]
 [ 0.  0.  1.]
 [ 0.  0.  0.]
 [ 0.  0.  0.]
 [ 0.  0.  0.]
 [ 0.  1.  0.]
 [ 0.  0.  0.]
 [ 0.  0.  0.]
 [ 0.  0.  0.]
 [ 1.  0.  0.]
 [ 1.  0.  0.]
 [ 1.  0.  0.]
 [ 0.  0.  0.]
 [ 0.  0.  0.]
 [ 0.  0.  0.]
 [ 0.  0.  0.]
 [ 0.  0.  0.]
 [ 0.  0.  0.]
 [ 0.  1.  0.]
 [ 0.  1.  0.]
 [ 0.  1.  0.]
 [ 0.  1.  0.]
 [ 0.  1.  0.]
 [ 0.  0.  0.]
 [ 0.  0.  1.]
 [ 0.  0.  0.]
 [ 0.  0.  0.]
 [ 0.  0.  0.]
 [ 1.  0.  0.]
 [ 1.  0.  0.]
 [ 1.  0.  0.]
 [ 1.  0.  0.]
 [ 0.  0.  0.]
 [ 0.  0.  0.]
 [ 0.  0.  1.]
 [ 0.  0.  0.]
 [ 0.  0.  0.]
 [ 0.  0.  0.]
 [ 0.  0.  0.]
 [ 0.  0.  1.]
 [ 0.  0.  0.]
 [ 0.  0.  0.]
 [ 0.  0.  0.]
 [ 0.  0.  0.]
 [ 1.  0.  0.]
 [ 1.  0.  0.]
 [ 1.  0.  0.]
 [ 1.  0.  0.]
 [ 1.  0.  0.]
 [ 1.  0.  0.]
 [ 1.  0.  0.]
 [ 0.  0.  0.]
 [ 0.  0.  0.]
 [ 0.  0.  0.]
 [ 0.  0.  1.]
 [ 0.  0.  0.]
 [ 0.  0.  0.]
 [ 0.  0.  0.]
 [ 0.  0.  0.]
 [ 0.  0.  0.]
 [ 0.  1.  0.]
 [ 0.  1.  0.]
 [ 0.  0.  0.]
 [ 0.  0.  1.]
 [ 0.  0.  0.]
 [ 0.  0.  0.]
 [ 0.  0.  0.]
 [ 0.  0.  0.]
 [ 0.  1.  0.]
 [ 0.  1.  0.]
 [ 0.  1.  0.]
 [ 0.  1.  0.]
 [ 0.  0.  0.]
 [ 0.  0.  1.]
 [ 0.  0.  0.]
 [ 0.  0.  0.]
 [ 0.  0.  0.]
 [ 1.  0.  0.]
 [ 1.  0.  0.]
 [ 0.  0.  0.]
 [ 0.  0.  0.]
 [ 0.  0.  0.]
 [ 0.  0.  0.]
 [ 0.  0.  0.]
 [ 0.  0.  0.]
 [ 0.  0.  0.]
 [ 0.  0.  0.]
 [ 0.  0.  0.]
 [ 0.  0.  0.]
 [ 1.  0.  0.]
 [ 1.  0.  0.]
 [ 0.  0.  0.]
 [ 0.  0.  0.]
 [ 0.  0.  0.]
 [ 1.  0.  0.]
 [ 1.  0.  0.]
 [ 0.  0.  0.]
 [ 0.  0.  1.]
 [ 0.  0.  0.]]","[[ 1.  0.  0.  0.]
 [ 1.  0.  0.  0.]
 [ 0.  1.  0.  0.]
 [ 1.  0.  0.  0.]
 [ 1.  0.  0.  0.]
 [ 1.  0.  0.  0.]
 [ 1.  0.  0.  0.]
 [ 0.  0.  0.  1.]
 [ 0.  0.  0.  1.]
 [ 1.  0.  0.  0.]
 [ 0.  1.  0.  0.]
 [ 1.  0.  0.  0.]
 [ 1.  0.  0.  0.]
 [ 1.  0.  0.  0.]
 [ 1.  0.  0.  0.]
 [ 1.  0.  0.  0.]
 [ 0.  0.  0.  1.]
 [ 0.  0.  0.  1.]
 [ 0.  0.  0.  1.]
 [ 0.  0.  0.  1.]
 [ 0.  0.  0.  1.]
 [ 0.  0.  0.  1.]
 [ 1.  0.  0.  0.]
 [ 1.  0.  0.  0.]
 [ 1.  0.  0.  0.]
 [ 0.  1.  0.  0.]
 [ 1.  0.  0.  0.]
 [ 1.  0.  0.  0.]
 [ 1.  0.  0.  0.]
 [ 1.  0.  0.  0.]
 [ 0.  0.  1.  0.]
 [ 1.  0.  0.  0.]
 [ 0.  1.  0.  0.]
 [ 1.  0.  0.  0.]
 [ 1.  0.  0.  0.]
 [ 1.  0.  0.  0.]
 [ 1.  0.  0.  0.]
 [ 1.  0.  0.  0.]
 [ 0.  0.  1.  0.]
 [ 0.  0.  1.  0.]
 [ 0.  0.  1.  0.]
 [ 0.  0.  1.  0.]
 [ 0.  0.  1.  0.]
 [ 0.  0.  1.  0.]
 [ 1.  0.  0.  0.]
 [ 0.  1.  0.  0.]
 [ 1.  0.  0.  0.]
 [ 1.  0.  0.  0.]
 [ 1.  0.  0.  0.]
 [ 1.  0.  0.  0.]
 [ 0.  1.  0.  0.]
 [ 1.  0.  0.  0.]
 [ 1.  0.  0.  0.]
 [ 1.  0.  0.  0.]
 [ 0.  0.  0.  1.]
 [ 0.  0.  0.  1.]
 [ 0.  0.  0.  1.]
 [ 0.  0.  0.  1.]
 [ 0.  0.  0.  1.]
 [ 0.  0.  0.  1.]
 [ 1.  0.  0.  0.]
 [ 1.  0.  0.  0.]
 [ 1.  0.  0.  0.]
 [ 1.  0.  0.  0.]
 [ 0.  1.  0.  0.]
 [ 1.  0.  0.  0.]
 [ 1.  0.  0.  0.]
 [ 1.  0.  0.  0.]
 [ 0.  0.  1.  0.]
 [ 0.  0.  1.  0.]
 [ 0.  0.  1.  0.]
 [ 1.  0.  0.  0.]
 [ 0.  1.  0.  0.]
 [ 1.  0.  0.  0.]
 [ 1.  0.  0.  0.]
 [ 1.  0.  0.  0.]
 [ 0.  0.  0.  1.]
 [ 0.  0.  0.  1.]
 [ 0.  0.  0.  1.]
 [ 1.  0.  0.  0.]
 [ 1.  0.  0.  0.]
 [ 0.  1.  0.  0.]
 [ 1.  0.  0.  0.]
 [ 1.  0.  0.  0.]
 [ 1.  0.  0.  0.]
 [ 1.  0.  0.  0.]
 [ 0.  0.  1.  0.]
 [ 0.  0.  1.  0.]
 [ 1.  0.  0.  0.]
 [ 1.  0.  0.  0.]
 [ 1.  0.  0.  0.]
 [ 1.  0.  0.  0.]
 [ 0.  1.  0.  0.]
 [ 1.  0.  0.  0.]
 [ 1.  0.  0.  0.]
 [ 1.  0.  0.  0.]
 [ 0.  0.  0.  1.]
 [ 0.  0.  1.  0.]
 [ 0.  0.  1.  0.]
 [ 0.  0.  1.  0.]
 [ 0.  0.  1.  0.]
 [ 0.  0.  1.  0.]
 [ 1.  0.  0.  0.]
 [ 1.  0.  0.  0.]
 [ 0.  1.  0.  0.]
 [ 1.  0.  0.  0.]
 [ 1.  0.  0.  0.]
 [ 1.  0.  0.  0.]
 [ 1.  0.  0.  0.]
 [ 0.  0.  1.  0.]
 [ 0.  0.  1.  0.]
 [ 0.  0.  1.  0.]
 [ 0.  0.  1.  0.]
 [ 1.  0.  0.  0.]
 [ 1.  0.  0.  0.]
 [ 1.  0.  0.  0.]
 [ 0.  1.  0.  0.]
 [ 1.  0.  0.  0.]
 [ 1.  0.  0.  0.]
 [ 1.  0.  0.  0.]
 [ 1.  0.  0.  0.]
 [ 0.  0.  0.  1.]
 [ 0.  0.  0.  1.]
 [ 0.  0.  0.  1.]
 [ 1.  0.  0.  0.]
 [ 0.  1.  0.  0.]
 [ 1.  0.  0.  0.]
 [ 1.  0.  0.  0.]
 [ 1.  0.  0.  0.]
 [ 0.  0.  1.  0.]
 [ 1.  0.  0.  0.]
 [ 1.  0.  0.  0.]
 [ 1.  0.  0.  0.]
 [ 0.  0.  0.  1.]
 [ 0.  0.  0.  1.]
 [ 0.  0.  0.  1.]
 [ 1.  0.  0.  0.]
 [ 1.  0.  0.  0.]
 [ 1.  0.  0.  0.]
 [ 1.  0.  0.  0.]
 [ 1.  0.  0.  0.]
 [ 1.  0.  0.  0.]
 [ 0.  0.  1.  0.]
 [ 0.  0.  1.  0.]
 [ 0.  0.  1.  0.]
 [ 0.  0.  1.  0.]
 [ 0.  0.  1.  0.]
 [ 1.  0.  0.  0.]
 [ 0.  1.  0.  0.]
 [ 1.  0.  0.  0.]
 [ 1.  0.  0.  0.]
 [ 1.  0.  0.  0.]
 [ 0.  0.  0.  1.]
 [ 0.  0.  0.  1.]
 [ 0.  0.  0.  1.]
 [ 0.  0.  0.  1.]
 [ 1.  0.  0.  0.]
 [ 1.  0.  0.  0.]
 [ 0.  1.  0.  0.]
 [ 1.  0.  0.  0.]
 [ 1.  0.  0.  0.]
 [ 1.  0.  0.  0.]
 [ 1.  0.  0.  0.]
 [ 0.  1.  0.  0.]
 [ 1.  0.  0.  0.]
 [ 1.  0.  0.  0.]
 [ 1.  0.  0.  0.]
 [ 1.  0.  0.  0.]
 [ 0.  0.  0.  1.]
 [ 0.  0.  0.  1.]
 [ 0.  0.  0.  1.]
 [ 0.  0.  0.  1.]
 [ 0.  0.  0.  1.]
 [ 0.  0.  0.  1.]
 [ 0.  0.  0.  1.]
 [ 1.  0.  0.  0.]
 [ 1.  0.  0.  0.]
 [ 1.  0.  0.  0.]
 [ 0.  1.  0.  0.]
 [ 1.  0.  0.  0.]
 [ 1.  0.  0.  0.]
 [ 1.  0.  0.  0.]
 [ 1.  0.  0.  0.]
 [ 1.  0.  0.  0.]
 [ 0.  0.  1.  0.]
 [ 0.  0.  1.  0.]
 [ 1.  0.  0.  0.]
 [ 0.  1.  0.  0.]
 [ 1.  0.  0.  0.]
 [ 1.  0.  0.  0.]
 [ 1.  0.  0.  0.]
 [ 1.  0.  0.  0.]
 [ 0.  0.  1.  0.]
 [ 0.  0.  1.  0.]
 [ 0.  0.  1.  0.]
 [ 0.  0.  1.  0.]
 [ 1.  0.  0.  0.]
 [ 0.  1.  0.  0.]
 [ 1.  0.  0.  0.]
 [ 1.  0.  0.  0.]
 [ 1.  0.  0.  0.]
 [ 0.  0.  0.  1.]
 [ 0.  0.  0.  1.]
 [ 1.  0.  0.  0.]
 [ 1.  0.  0.  0.]
 [ 1.  0.  0.  0.]
 [ 1.  0.  0.  0.]
 [ 1.  0.  0.  0.]
 [ 1.  0.  0.  0.]
 [ 1.  0.  0.  0.]
 [ 1.  0.  0.  0.]
 [ 1.  0.  0.  0.]
 [ 1.  0.  0.  0.]
 [ 0.  0.  0.  1.]
 [ 0.  0.  0.  1.]
 [ 1.  0.  0.  0.]
 [ 1.  0.  0.  0.]
 [ 1.  0.  0.  0.]
 [ 0.  0.  0.  1.]
 [ 0.  0.  0.  1.]
 [ 1.  0.  0.  0.]
 [ 0.  1.  0.  0.]
 [ 1.  0.  0.  0.]]","[  0.  54.  40.  69.  52.  78.  44.  66.  64.  56.  50.  52.  63.  48.  59.
  60.  78.  -2.  60.  71.  29.]"
0,"[[[  6.92993252e-310   5.90000000e+001   8.00000000e+001 ...,
     3.10000000e+001   5.90000000e+001   7.20000000e+001]
  [  6.92993252e-310   6.50000000e+001   6.10000000e+001 ...,
     6.00000000e+001   5.80000000e+001   7.70000000e+001]
  [  2.15083060e-316   6.40000000e+001   6.20000000e+001 ...,
     6.60000000e+001   2.70000000e+001   7.90000000e+001]
  ..., 
  [  3.95252517e-323   6.60000000e+001   6.70000000e+001 ...,
     6.70000000e+001   2.60000000e+001   8.20000000e+001]
  [  3.81959242e-313   6.10000000e+001   6.40000000e+001 ...,
     3.60000000e+001   5.50000000e+001   7.20000000e+001]
  [  2.15083297e-316   6.70000000e+001   6.40000000e+001 ...,
     2.60000000e+001   6.10000000e+001   7.20000000e+001]]

 [[  4.66839074e-313   7.40000000e+001   5.30000000e+001 ...,
     2.40000000e+001   6.00000000e+001   3.50000000e+001]
  [  7.90505033e-323   6.00000000e+001   7.20000000e+001 ...,
     2.70000000e+001   7.40000000e+001   3.60000000e+001]
  [  8.13190947e-317   5.20000000e+001   6.70000000e+001 ...,
     5.50000000e+001   6.60000000e+001   4.00000000e+001]
  ..., 
  [  1.90979621e-313   5.40000000e+001   5.50000000e+001 ...,
     3.30000000e+001   6.50000000e+001   4.20000000e+001]
  [  8.89318163e-323   6.90000000e+001   5.30000000e+001 ...,
     2.40000000e+001   7.30000000e+001   3.60000000e+001]
  [  2.15089107e-316   6.80000000e+001   6.10000000e+001 ...,
     2.50000000e+001   6.00000000e+001   3.50000000e+001]]

 [[  6.92993010e-310   4.50000000e+001   2.40000000e+001 ...,
     5.20000000e+001   5.40000000e+001   4.60000000e+001]
  [  6.92980165e-310   6.40000000e+001   3.30000000e+001 ...,
     5.50000000e+001   5.30000000e+001   2.50000000e+001]
  [  0.00000000e+000   3.80000000e+001   6.30000000e+001 ...,
     5.40000000e+001   5.90000000e+001   2.30000000e+001]
  ..., 
  [  4.94065646e-324   5.80000000e+001   2.30000000e+001 ...,
     5.50000000e+001   6.30000000e+001   2.30000000e+001]
  [  2.15093337e-316   5.70000000e+001   4.60000000e+001 ...,
     5.40000000e+001   5.20000000e+001   2.30000000e+001]
  [  0.00000000e+000   2.90000000e+001   6.20000000e+001 ...,
     5.80000000e+001   5.30000000e+001   4.40000000e+001]]

 ..., 
 [[  6.92986682e-310   7.30000000e+001   7.30000000e+001 ...,
     7.30000000e+001   7.30000000e+001   7.30000000e+001]
  [  6.92980165e-310   7.50000000e+001   7.50000000e+001 ...,
     7.50000000e+001   7.50000000e+001   7.50000000e+001]
  [  6.92993319e-310   9.30000000e+001   9.30000000e+001 ...,
     9.30000000e+001   9.30000000e+001   9.30000000e+001]
  ..., 
  [  6.92993319e-310   1.42000000e+002   1.42000000e+002 ...,
     1.42000000e+002   1.42000000e+002   1.42000000e+002]
  [  6.92986682e-310   8.80000000e+001   8.80000000e+001 ...,
     8.80000000e+001   8.80000000e+001   8.80000000e+001]
  [  6.92980165e-310   6.00000000e+001   6.00000000e+001 ...,
     6.00000000e+001   6.00000000e+001   6.00000000e+001]]

 [[  6.92993319e-310   4.30000000e+001   4.30000000e+001 ...,
     4.30000000e+001   4.30000000e+001   4.30000000e+001]
  [  6.92986647e-310   5.90000000e+001   5.90000000e+001 ...,
     5.90000000e+001   5.90000000e+001   5.90000000e+001]
  [  6.92980165e-310   1.07000000e+002   1.07000000e+002 ...,
     1.07000000e+002   1.07000000e+002   1.07000000e+002]
  ..., 
  [  6.92993319e-310   1.19000000e+002   1.19000000e+002 ...,
     1.19000000e+002   1.19000000e+002   1.19000000e+002]
  [  6.92986648e-310   7.40000000e+001   7.40000000e+001 ...,
     7.40000000e+001   7.40000000e+001   7.40000000e+001]
  [  6.92980165e-310   5.70000000e+001   5.70000000e+001 ...,
     5.70000000e+001   5.70000000e+001   5.70000000e+001]]

 [[  6.92993319e-310   1.70000000e+001   1.70000000e+001 ...,
     1.70000000e+001   1.70000000e+001   1.70000000e+001]
  [  6.92986648e-310   3.20000000e+001   3.20000000e+001 ...,
     3.20000000e+001   3.20000000e+001   3.20000000e+001]
  [  6.92980165e-310   3.80000000e+001   3.80000000e+001 ...,
     3.80000000e+001   3.80000000e+001   3.80000000e+001]
  ..., 
  [  6.92980165e-310   3.50000000e+001   3.50000000e+001 ...,
     3.50000000e+001   3.50000000e+001   3.50000000e+001]
  [  6.92993319e-310   5.00000000e+001   5.00000000e+001 ...,
     5.00000000e+001   5.00000000e+001   5.00000000e+001]
  [  6.92986648e-310   4.50000000e+001   4.50000000e+001 ...,
     4.50000000e+001   4.50000000e+001   4.50000000e+001]]]","[[   0.    0.]
 [   1.   22.]
 [  23.   32.]
 [  33.   47.]
 [  48.   60.]
 [  61.   75.]
 [  76.   88.]
 [  89.  102.]
 [ 103.  112.]
 [ 113.  125.]
 [ 126.  135.]
 [ 136.  147.]
 [ 148.  159.]
 [ 160.  171.]
 [ 172.  180.]
 [ 181.  218.]
 [ 219.  229.]
 [ 230.  238.]
 [ 239.  251.]
 [ 252.  262.]
 [ 263.  272.]]","[[ 0.  0.  0.]
 [ 0.  0.  0.]
 [ 1.  0.  0.]
 [ 0.  0.  0.]
 [ 0.  0.  0.]
 [ 0.  0.  0.]
 [ 0.  1.  0.]
 [ 0.  1.  0.]
 [ 0.  1.  0.]
 [ 0.  1.  0.]
 [ 0.  1.  0.]
 [ 0.  1.  0.]
 [ 0.  0.  0.]
 [ 0.  0.  1.]
 [ 0.  0.  0.]
 [ 0.  0.  0.]
 [ 0.  0.  0.]
 [ 0.  0.  0.]
 [ 0.  1.  0.]
 [ 0.  0.  0.]
 [ 0.  0.  0.]
 [ 0.  0.  1.]
 [ 0.  0.  0.]
 [ 0.  0.  0.]
 [ 0.  0.  0.]
 [ 0.  0.  0.]
 [ 0.  0.  0.]
 [ 0.  0.  0.]
 [ 0.  0.  0.]
 [ 0.  1.  0.]
 [ 0.  0.  0.]
 [ 0.  0.  0.]
 [ 0.  0.  1.]
 [ 0.  0.  0.]
 [ 0.  0.  0.]
 [ 0.  0.  0.]
 [ 0.  0.  0.]
 [ 1.  0.  0.]
 [ 1.  0.  0.]
 [ 1.  0.  0.]
 [ 1.  0.  0.]
 [ 1.  0.  0.]
 [ 1.  0.  0.]
 [ 1.  0.  0.]
 [ 0.  0.  0.]
 [ 0.  0.  0.]
 [ 0.  0.  0.]
 [ 0.  0.  1.]
 [ 0.  0.  0.]
 [ 0.  0.  0.]
 [ 0.  0.  0.]
 [ 0.  0.  0.]
 [ 0.  1.  0.]
 [ 0.  1.  0.]
 [ 0.  1.  0.]
 [ 0.  1.  0.]
 [ 0.  1.  0.]
 [ 0.  0.  0.]
 [ 0.  0.  0.]
 [ 0.  0.  0.]
 [ 0.  0.  1.]
 [ 0.  0.  0.]
 [ 0.  0.  0.]
 [ 0.  0.  0.]
 [ 0.  0.  0.]
 [ 0.  0.  0.]
 [ 0.  0.  0.]
 [ 0.  0.  0.]
 [ 0.  1.  0.]
 [ 0.  1.  0.]
 [ 0.  0.  0.]
 [ 0.  0.  0.]
 [ 0.  0.  0.]
 [ 0.  0.  0.]
 [ 0.  0.  0.]
 [ 0.  0.  0.]
 [ 0.  0.  0.]
 [ 0.  0.  0.]
 [ 0.  0.  0.]
 [ 0.  0.  0.]
 [ 0.  1.  0.]
 [ 0.  1.  0.]
 [ 0.  1.  0.]
 [ 0.  1.  0.]
 [ 0.  1.  0.]
 [ 0.  1.  0.]
 [ 0.  0.  0.]
 [ 0.  0.  0.]
 [ 0.  0.  0.]
 [ 0.  0.  0.]
 [ 0.  0.  0.]
 [ 0.  0.  0.]
 [ 0.  0.  0.]
 [ 0.  0.  0.]
 [ 0.  1.  0.]
 [ 0.  1.  0.]
 [ 0.  1.  0.]
 [ 0.  1.  0.]
 [ 0.  1.  0.]
 [ 0.  0.  0.]
 [ 0.  0.  0.]
 [ 0.  0.  0.]
 [ 0.  0.  1.]
 [ 0.  0.  0.]
 [ 0.  0.  0.]
 [ 0.  0.  0.]
 [ 0.  0.  0.]
 [ 1.  0.  0.]
 [ 1.  0.  0.]
 [ 0.  0.  0.]
 [ 0.  0.  0.]
 [ 0.  0.  1.]
 [ 0.  0.  0.]
 [ 0.  0.  0.]
 [ 0.  0.  0.]
 [ 0.  0.  0.]
 [ 0.  0.  0.]
 [ 0.  1.  0.]
 [ 0.  1.  0.]
 [ 0.  1.  0.]
 [ 0.  0.  0.]
 [ 0.  0.  0.]
 [ 0.  0.  0.]
 [ 0.  0.  0.]
 [ 0.  0.  0.]
 [ 0.  0.  1.]
 [ 0.  0.  0.]
 [ 0.  0.  0.]
 [ 0.  0.  0.]
 [ 0.  0.  0.]
 [ 0.  0.  0.]
 [ 0.  0.  0.]
 [ 0.  0.  0.]
 [ 0.  0.  0.]
 [ 0.  0.  0.]
 [ 0.  0.  1.]
 [ 0.  0.  0.]
 [ 0.  0.  0.]
 [ 0.  0.  0.]
 [ 0.  0.  0.]
 [ 0.  1.  0.]
 [ 0.  1.  0.]
 [ 0.  1.  0.]
 [ 0.  1.  0.]
 [ 0.  0.  0.]
 [ 0.  0.  0.]
 [ 0.  0.  0.]
 [ 0.  0.  0.]
 [ 0.  0.  0.]
 [ 0.  0.  0.]
 [ 0.  0.  0.]
 [ 0.  0.  0.]
 [ 1.  0.  0.]
 [ 1.  0.  0.]
 [ 1.  0.  0.]
 [ 1.  0.  0.]
 [ 0.  0.  0.]
 [ 0.  0.  0.]
 [ 0.  0.  0.]
 [ 0.  0.  1.]
 [ 0.  0.  0.]
 [ 0.  0.  0.]
 [ 0.  0.  0.]
 [ 0.  0.  0.]
 [ 0.  1.  0.]
 [ 0.  1.  0.]
 [ 0.  1.  0.]
 [ 0.  1.  0.]
 [ 0.  0.  0.]
 [ 0.  0.  0.]
 [ 0.  0.  0.]
 [ 0.  0.  1.]
 [ 0.  0.  0.]
 [ 0.  0.  0.]
 [ 0.  0.  0.]
 [ 0.  0.  0.]
 [ 1.  0.  0.]
 [ 1.  0.  0.]
 [ 1.  0.  0.]
 [ 0.  0.  0.]
 [ 0.  0.  1.]
 [ 0.  0.  0.]
 [ 0.  0.  0.]
 [ 0.  0.  0.]
 [ 0.  0.  0.]
 [ 0.  0.  0.]
 [ 0.  0.  0.]
 [ 0.  0.  0.]
 [ 0.  0.  0.]
 [ 0.  0.  0.]
 [ 0.  0.  0.]
 [ 0.  0.  0.]
 [ 0.  0.  0.]
 [ 0.  0.  0.]
 [ 0.  0.  0.]
 [ 0.  0.  0.]
 [ 0.  0.  0.]
 [ 0.  0.  0.]
 [ 0.  0.  0.]
 [ 0.  0.  0.]
 [ 0.  0.  0.]
 [ 0.  0.  0.]
 [ 0.  0.  0.]
 [ 0.  0.  0.]
 [ 0.  0.  0.]
 [ 0.  0.  0.]
 [ 0.  0.  0.]
 [ 0.  1.  0.]
 [ 0.  1.  0.]
 [ 0.  1.  0.]
 [ 0.  1.  0.]
 [ 0.  1.  0.]
 [ 0.  0.  0.]
 [ 0.  0.  0.]
 [ 0.  0.  0.]
 [ 0.  0.  0.]
 [ 0.  0.  0.]
 [ 0.  0.  0.]
 [ 0.  0.  1.]
 [ 0.  0.  0.]
 [ 0.  0.  0.]
 [ 0.  0.  0.]
 [ 0.  0.  0.]
 [ 1.  0.  0.]
 [ 1.  0.  0.]
 [ 1.  0.  0.]
 [ 0.  0.  0.]
 [ 0.  0.  0.]
 [ 0.  0.  0.]
 [ 0.  0.  1.]
 [ 0.  0.  0.]
 [ 0.  0.  0.]
 [ 0.  0.  0.]
 [ 0.  0.  0.]
 [ 0.  0.  0.]
 [ 1.  0.  0.]
 [ 1.  0.  0.]
 [ 0.  0.  0.]
 [ 0.  0.  1.]
 [ 0.  0.  0.]
 [ 0.  0.  0.]
 [ 0.  0.  0.]
 [ 0.  1.  0.]
 [ 0.  1.  0.]
 [ 0.  1.  0.]
 [ 0.  1.  0.]
 [ 0.  1.  0.]
 [ 0.  1.  0.]
 [ 0.  1.  0.]
 [ 0.  0.  0.]
 [ 0.  0.  1.]
 [ 0.  0.  0.]
 [ 0.  0.  0.]
 [ 0.  0.  0.]
 [ 0.  0.  0.]
 [ 0.  0.  0.]
 [ 1.  0.  0.]
 [ 1.  0.  0.]
 [ 0.  0.  0.]
 [ 0.  0.  0.]
 [ 0.  0.  0.]
 [ 0.  0.  0.]
 [ 0.  0.  1.]
 [ 0.  0.  0.]
 [ 0.  0.  0.]
 [ 0.  0.  0.]
 [ 0.  0.  0.]
 [ 0.  1.  0.]
 [ 0.  1.  0.]
 [ 0.  1.  0.]
 [ 0.  1.  0.]
 [ 0.  0.  0.]
 [ 0.  0.  1.]]","[[ 1.  0.  0.  0.]
 [ 1.  0.  0.  0.]
 [ 0.  0.  0.  1.]
 ..., 
 [ 0.  0.  1.  0.]
 [ 1.  0.  0.  0.]
 [ 0.  1.  0.  0.]]","[  0.   8.  60.  38.  46.  40.  48.  43.  61.  46.  58.  52.  50.  51.  62.
 -54.  56.  63.  49.  55.  58.]"
0,"[[[  6.92993252e-310   5.90000000e+001   6.00000000e+001 ...,
     3.70000000e+001   6.30000000e+001   3.20000000e+001]
  [  1.88605331e-316   6.50000000e+001   6.50000000e+001 ...,
     4.70000000e+001   7.10000000e+001   5.60000000e+001]
  [  1.88605331e-316   6.40000000e+001   6.40000000e+001 ...,
     7.20000000e+001   8.00000000e+001   6.00000000e+001]
  ..., 
  [  3.95252517e-323   6.60000000e+001   6.50000000e+001 ...,
     3.70000000e+001   6.60000000e+001   2.90000000e+001]
  [  3.81959242e-313   6.10000000e+001   6.10000000e+001 ...,
     3.60000000e+001   8.00000000e+001   3.10000000e+001]
  [  2.15874593e-316   6.70000000e+001   7.10000000e+001 ...,
     4.30000000e+001   6.80000000e+001   5.80000000e+001]]

 [[  4.66839074e-313   7.40000000e+001   7.30000000e+001 ...,
     2.40000000e+001   5.10000000e+001   6.70000000e+001]
  [  7.90505033e-323   6.00000000e+001   5.60000000e+001 ...,
     2.50000000e+001   5.60000000e+001   6.70000000e+001]
  [  8.13333238e-317   5.20000000e+001   5.30000000e+001 ...,
     4.30000000e+001   5.20000000e+001   7.80000000e+001]
  ..., 
  [  1.90979621e-313   5.40000000e+001   5.60000000e+001 ...,
     2.30000000e+001   7.20000000e+001   6.50000000e+001]
  [  8.89318163e-323   6.90000000e+001   7.10000000e+001 ...,
     3.60000000e+001   5.40000000e+001   7.70000000e+001]
  [  2.15880403e-316   6.80000000e+001   6.30000000e+001 ...,
     6.20000000e+001   5.40000000e+001   7.60000000e+001]]

 [[  6.92993010e-310   4.50000000e+001   5.20000000e+001 ...,
     4.30000000e+001   4.40000000e+001   4.80000000e+001]
  [  6.92980165e-310   6.40000000e+001   6.10000000e+001 ...,
     2.40000000e+001   2.40000000e+001   4.60000000e+001]
  [  0.00000000e+000   3.80000000e+001   3.10000000e+001 ...,
     2.20000000e+001   2.40000000e+001   4.40000000e+001]
  ..., 
  [  4.94065646e-324   5.80000000e+001   6.40000000e+001 ...,
     3.90000000e+001   3.30000000e+001   7.20000000e+001]
  [  2.15884632e-316   5.70000000e+001   4.90000000e+001 ...,
     6.30000000e+001   2.30000000e+001   5.30000000e+001]
  [  0.00000000e+000   2.90000000e+001   2.50000000e+001 ...,
     4.10000000e+001   2.50000000e+001   4.30000000e+001]]

 ..., 
 [[  6.92986682e-310   7.30000000e+001   7.30000000e+001 ...,
     7.30000000e+001   7.30000000e+001   7.30000000e+001]
  [  6.92993319e-310   7.50000000e+001   7.50000000e+001 ...,
     7.50000000e+001   7.50000000e+001   7.50000000e+001]
  [  0.00000000e+000   9.30000000e+001   9.30000000e+001 ...,
     9.30000000e+001   9.30000000e+001   9.30000000e+001]
  ..., 
  [  6.01347002e-154   1.42000000e+002   1.42000000e+002 ...,
     1.42000000e+002   1.42000000e+002   1.42000000e+002]
  [  6.01347002e-154   8.80000000e+001   8.80000000e+001 ...,
     8.80000000e+001   8.80000000e+001   8.80000000e+001]
  [  6.01347002e-154   6.00000000e+001   6.00000000e+001 ...,
     6.00000000e+001   6.00000000e+001   6.00000000e+001]]

 [[  6.01347002e-154   4.30000000e+001   4.30000000e+001 ...,
     4.30000000e+001   4.30000000e+001   4.30000000e+001]
  [  6.01347002e-154   5.90000000e+001   5.90000000e+001 ...,
     5.90000000e+001   5.90000000e+001   5.90000000e+001]
  [  6.01347002e-154   1.07000000e+002   1.07000000e+002 ...,
     1.07000000e+002   1.07000000e+002   1.07000000e+002]
  ..., 
  [  6.01347002e-154   1.19000000e+002   1.19000000e+002 ...,
     1.19000000e+002   1.19000000e+002   1.19000000e+002]
  [  6.01347002e-154   7.40000000e+001   7.40000000e+001 ...,
     7.40000000e+001   7.40000000e+001   7.40000000e+001]
  [  6.01347002e-154   5.70000000e+001   5.70000000e+001 ...,
     5.70000000e+001   5.70000000e+001   5.70000000e+001]]

 [[  6.01347002e-154   1.70000000e+001   1.70000000e+001 ...,
     1.70000000e+001   1.70000000e+001   1.70000000e+001]
  [  6.01347002e-154   3.20000000e+001   3.20000000e+001 ...,
     3.20000000e+001   3.20000000e+001   3.20000000e+001]
  [  6.01347002e-154   3.80000000e+001   3.80000000e+001 ...,
     3.80000000e+001   3.80000000e+001   3.80000000e+001]
  ..., 
  [  6.01346930e-154   3.50000000e+001   3.50000000e+001 ...,
     3.50000000e+001   3.50000000e+001   3.50000000e+001]
  [  6.92993319e-310   5.00000000e+001   5.00000000e+001 ...,
     5.00000000e+001   5.00000000e+001   5.00000000e+001]
  [  6.92986563e-310   4.50000000e+001   4.50000000e+001 ...,
     4.50000000e+001   4.50000000e+001   4.50000000e+001]]]","[[   0.    0.]
 [   1.   16.]
 [  17.   25.]
 [  26.   37.]
 [  38.   49.]
 [  50.   61.]
 [  62.   70.]
 [  71.   81.]
 [  82.   93.]
 [  94.  104.]
 [ 105.  119.]
 [ 120.  136.]
 [ 137.  148.]
 [ 149.  159.]
 [ 160.  169.]
 [ 170.  185.]
 [ 186.  194.]
 [ 195.  210.]
 [ 211.  217.]
 [ 218.  226.]
 [ 227.  232.]
 [ 233.  247.]
 [ 248.  256.]
 [ 257.  262.]
 [ 263.  270.]
 [ 271.  278.]
 [ 279.  286.]
 [ 287.  298.]
 [ 299.  307.]
 [ 308.  318.]
 [ 319.  327.]
 [ 328.  336.]
 [ 337.  346.]
 [ 347.  356.]
 [ 357.  365.]
 [ 366.  375.]
 [ 376.  384.]
 [ 385.  396.]
 [ 397.  409.]
 [ 410.  423.]
 [ 424.  435.]
 [ 436.  448.]
 [ 449.  458.]
 [ 459.  468.]
 [ 469.  480.]
 [ 481.  489.]
 [ 490.  498.]
 [ 499.  509.]
 [ 510.  520.]
 [ 521.  530.]
 [ 531.  538.]]","[[ 0.  0.  0.]
 [ 0.  0.  0.]
 [ 0.  1.  0.]
 ..., 
 [ 1.  0.  0.]
 [ 0.  0.  0.]
 [ 0.  0.  1.]]","[[ 1.  0.  0.  0.]
 [ 1.  0.  0.  0.]
 [ 0.  0.  1.  0.]
 ..., 
 [ 0.  0.  0.  1.]
 [ 1.  0.  0.  0.]
 [ 0.  1.  0.  0.]]","[  0.  37.  65.  52.  52.  50.  62.  54.  51.  55.  39.  30.  51.  54.  59.
  35.  64.  31.  70.  64.  76.  35.  65.  77.  67.  66.  68.  53.  63.  56.
  64.  63.  59.  59.  62.  60.  62.  53.  48.  42.  50.  49.  58.  58.  53.
  63.  65.  55.  56.  60.  68.]"
